customer_id,full_name,email,country,phone,signup_date
10001,Harry Becker,hbecker@gmail.com,UA,+380669583219,2025-04-02
10002,Charlotte Szymanski,cszymanski@proton.me,GB,+447400895473,2026-01-11
10003,Thomas Smith,thomassmith@gmail.com,DE,,2025-01-21
10004,Michael Williams,michael.williams@proton.me,UA,+380995714224,2024-10-19
10005,John Becker,jbecker@proton.me,UA,+380507252045,2022-11-16
10006,Oliver Boyko,oboyko1000@ukr.net,UA,+380983321819,2024-02-14
10007,Magdalena Hoffmann,magdalenahoffmann@outlook.com,PL,+48788961183,2022-09-18
10009,James Edwards,jedwards1061@ukr.net,US,+13055192546,2025-10-01
10010,Anna Kovalenko,annakovalenko@proton.me,UA,+380932185156,2025-01-01
10011,Pawel Johnson,pjohnson@yahoo.com,UA,+380665375564,2021-06-14
10014,Laura Tkachenko,ltkachenko@hotmail.com,GB,+48606655289,2022-08-21
10015,Max Zielinski,maxzielinski@yahoo.com,US,+17027066253,2026-05-17
10016,Jessica Williams,jessicawilliams@proton.me,US,+13053271937,2024-01-07
10017,Petro Weber,petroweber1330@icloud.com,UA,+380932884318,2025-09-28
10019,Pawel Kravchenko,pkravchenko@yahoo.com,UA,+380960754527,2022-05-29
10020,Andriy Walker,andriywalker@outlook.com,GB,+380669087766,2022-01-07
10021,Max Schmidt,maxschmidt@proton.me,UA,+380937489690,2021-09-21
10022,Tomasz Schulz,tomaszschulz1317@hotmail.com,UA,+380736108573,2024-05-15
10023,Jessica Shevchenko,jessica.shevchenko@outlook.com,UA,+380681972181,2024-04-05
10024,Laura Taylor,laura.taylor@ukr.net,DE,+491601260432,2026-09-20
10025,Thomas Green,thomasgreen1035@ukr.net,UA,+380997429671,2021-05-31
10026,Robert Oliynyk,robert.oliynyk1382@icloud.com,UA,+380981509377,2025-07-30
10027,Anna Taylor,ataylor@proton.me,UA,+380994046084,2022-09-18
10028,Olivia Smith,oliviasmith@gmail.com,PL,+48787217535,2026-04-08
10029,Emily Moroz,emoroz@ukr.net,UA,+380500209945,2022-12-28
10031,Amelia Moroz,amelia.moroz@gmail.com,PL,+48669824741,2021-01-03
10033,Felix Brown,felix.brown@hotmail.com,UA,+491762386562,
10036,Sophie Schmidt,sophie.schmidt@yahoo.com,UA,+380506856624,2022-04-07
10037,Lukas Nowak,lukasnowak@icloud.com,UA,+380731227530,2021-09-12
10039,Mia Davis,mia.davis@ukr.net,GB,+447800368872,2023-07-31
10040,Felix Kowalski,felix.kowalski1262@ukr.net,UA,+380954328063,2023-04-09
10041,Charlotte Davis,cdavis@yahoo.com,PL,+48533083402,2025-02-20
10044,Andriy Shevchenko,ashevchenko1130@yahoo.com,GB,+447400385050,2023-07-08
10045,Katarzyna Roberts,katarzynaroberts@gmail.com,PL,+48781694722,2024-04-08
10046,Tomasz Nowak,tnowak@icloud.com,UA,+380633204899,2026-06-25
10047,George Becker,george.becker@yahoo.com,US,+17024422096,2021-11-15
10049,Hans Wisniewski,hwisniewski1084@outlook.com,PL,+48664198665,2024-01-16
10051,Harry Wojcik,hwojcik1131@hotmail.com,PL,+48519182619,2026-01-29
10052,Krzysztof Anderson,krzysztofanderson@gmail.com,US,+14155218188,2021-05-11
10053,Ewa Schulz,ewa.schulz1455@hotmail.com,PL,+48723146249,2024-12-12
10054,Harry Tkachenko,harry.tkachenko@gmail.com,UA,+380671041459,2025-08-20
10055,Charlotte Hoffmann,charlottehoffmann1449@yahoo.com,GB,+447400966553,2021-03-29
10056,Jessica Kovalchuk,jkovalchuk@icloud.com,US,+12022496854,2023-08-31
10057,Agnieszka Hoffmann,ahoffmann@ukr.net,DE,+491708583339,2026-01-04
10058,Tomasz Kravchenko,tomaszkravchenko@gmail.com,US,+16176724380,2024-01-09
10059,James Roberts,jroberts@hotmail.com,UA,+380730380214,2022-03-23
10060,Laura Kravchenko,laurakravchenko@ukr.net,GB,+447911113863,2025-10-16
10061,Emily Meyer,emeyer@hotmail.com,DE,+491702762467,2024-12-15
10062,Laura Wozniak,laura.wozniak@gmail.com,DE,+491758633752,2021-07-19
10063,Sarah Shevchenko,sarah.shevchenko@yahoo.com,DE,+49491766371539,2025-01-29
10064,Robert Boyko,robert.boyko@hotmail.com,UA,+380730928206,2022-05-28
10065,Paul Wozniak,paul.wozniak@icloud.com,GB,+447500439920,2024-05-22
10066,Ewa Wozniak,ewozniak1326@hotmail.com,GB,+447400199180,2022-09-24
10067,Felix Davis,felixdavis1205@hotmail.com,PL,+48538299796,2021-02-13
10069,Jack Kaminski,jkaminski1390@proton.me,UA,+380732086567,2021-07-02
10070,Olivia Meyer,olivia.meyer@outlook.com,UA,+380638909837,2025-12-25
10073,Jessica Thomas,jessicathomas@hotmail.com,UA,+447700379502,2021-11-14
10074,Kateryna Anderson,kanderson1074@icloud.com,UA,+380937866912,2022-06-13
10075,Oksana Hall,oksana.hall@icloud.com,US,+380735290965,
10077,Isla Walker,islawalker@hotmail.com,UA,+380957805292,2024-05-12
10078,Mykola White,mwhite@proton.me,US,+15122694500,2025-04-14
10079,Iryna Shevchuk,irynashevchuk@hotmail.com,DE,+491603083301,2024-03-22
10080,George Weber,george.weber@ukr.net,UA,+380972116025,2026-07-09
10081,Sarah Zielinski,sarah.zielinski1019@outlook.com,US,+16177773872,2026-05-01
10083,James Evans,james.evans@ukr.net,UA,+380938993588,2021-08-12
10084,Laura Shevchenko,lshevchenko1249@hotmail.com,DE,+491752405800,2025-12-04
10085,Amelia Boyko,amelia.boyko@hotmail.com,PL,+48881901581,2022-07-13
10086,Jessica Miller,jessica.miller@icloud.com,UA,+380731751830,2021-04-03
10088,Robert Hoffmann,robert.hoffmann1271@ukr.net,UA,+380739298316,2023-06-30
10089,Oksana Roberts,oksana.roberts@hotmail.com,UA,+380971310094,2024-04-01
10090,Pawel Edwards,pedwards1158@icloud.com,PL,+48795625753,2021-03-06
10091,Julia Brown,juliabrown1083@yahoo.com,PL,+48788652785,2026-06-26
10092,Oksana Wagner,,PL,+48537315851,2024-01-01
10093,Robert Roberts,rroberts@outlook.com,PL,+48517594647,2025-06-10
10094,Mykola Taylor,mykolataylor@yahoo.com,UA,+380933129014,2022-05-26
10095,Ewa Lewandowski,ewa.lewandowski1077@hotmail.com,PL,+48605925556,2025-09-09
10101,Thomas Weber,,UA,+380951983863,2025-12-20
10103,Ashley Kravchenko,akravchenko@hotmail.com,PL,+48797635148,2021-03-18
10104,Julia Weber,julia.weber@gmail.com,UA,+380930868034,2022-01-06
10105,Harry Hall,hhall@ukr.net,PL,+48799752677,2021-09-28
10107,Oliver Weber,oliverweber@outlook.com,UA,+380987276012,2025-04-11
10108,Laura Hoffmann,laurahoffmann@icloud.com,UA,+380636592342,2022-01-29
10109,Petro Szymanski,petroszymanski@outlook.com,UA,+380687133959,2024-04-13
10111,Oksana Oliynyk,oksana.oliynyk@icloud.com,DE,+491751798178,2024-07-12
10112,Ewa Schulz,ewa.schulz@ukr.net,PL,+48697366096,2021-06-23
10113,Anna Oliynyk,aoliynyk@proton.me,US,+17025423567,2022-08-16
10115,Hans Fischer,hans.fischer@proton.me,UA,+380633213348,2025-01-09
10118,Harry Boyko,harry.boyko@ukr.net,UA,+380667342575,2025-01-26
10119,George Schulz,gschulz1076@yahoo.com,DE,+491719001094,2021-03-09
10121,Amelia Nowak,amelianowak1162@hotmail.com,UA,+380681002255,2025-09-24
10122,Laura Schneider,lauraschneider@hotmail.com,UA,+380997403450,2026-07-31
10128,Piotr Kovalchuk,pkovalchuk@yahoo.com,UA,+380977603754,2025-10-23
10129,Sophie Edwards,sophieedwards@proton.me,UA,+380507164794,2022-09-13
10133,Anna Wojcik,anna.wojcik@ukr.net,UA,+380959303614,2021-09-24
10134,Krzysztof Schulz,kschulz@ukr.net,US,+15129588879,2023-12-24
10135,Jessica Bondarenko,jessicabondarenko@icloud.com,PL,+48693457861,2023-11-26
10136,David Fischer,davidfischer@yahoo.com,GB,+447800174451,2023-12-03
10138,Olivia Bondarenko,olivia.bondarenko@proton.me,GB,+447800001594,2026-08-12
10139,James Muller,jmuller1431@proton.me,GB,+447800219705,2025-08-20
10140,Lukas Schulz,lschulz@proton.me,UA,+380957665754,2024-07-02
10143,Katarzyna Hughes,katarzyna.hughes1044@gmail.com,UA,+380972858842,2025-06-16
10145,Isla Fischer,isla.fischer1032@yahoo.com,UA,+380954964990,2026-04-09
10147,Olivia Tkachenko,oliviatkachenko1409@icloud.com,UA,+380985456350,2025-01-29
10148,Amelia Schmidt,,UA,+380933344762,2023-08-23
10150,Anna Boyko,annaboyko@gmail.com,UA,+380992675869,2023-08-26
10152,Amelia Wozniak,amelia.wozniak1429@icloud.com,UA,+380731332288,2025-07-05
10153,Mia Tkachenko,mia.tkachenko@hotmail.com,UA,+380937715910,2025-02-19
10154,John Johnson,jjohnson@yahoo.com,PL,+48795289755,2023-11-07
10155,Ashley Walker,ashleywalker1208@yahoo.com,DE,+491605020802,2026-08-04
10156,Pawel Lewandowski,pawel.lewandowski@icloud.com,US,+14156763201,2024-07-23
10159,Mia Edwards,miaedwards1021@yahoo.com,US,+17028727743,2022-01-30
10160,Iryna Williams,iryna.williams@gmail.com,UA,+380980777809,2023-05-01
10161,Pawel Hall,pawelhall@icloud.com,DE,+491604031277,2022-12-22
10162,Hans Kravchenko,hkravchenko@outlook.com,UA,+380681155426,2025-08-14
10163,Lukas Szymanski,lukasszymanski@gmail.com,US,+18182867908,2021-09-04
10164,Amelia Hall,amelia.hall@ukr.net,DE,+491712571509,2024-06-19
10166,Charlotte Kravchenko,ckravchenko1002@gmail.com,UA,+380974131647,2023-09-30
10168,Iryna Garcia,iryna.garcia1004@ukr.net,US,+15129696532,2026-04-02
10169,Laura Schneider,lauraschneider@outlook.com,UA,+380968914161,2026-01-29
10170,Magdalena Shevchenko,magdalenashevchenko@outlook.com,DE,+491604191825,2024-11-26
10172,Michael Shevchenko,mshevchenko1238@outlook.com,UA,+380951396605,2022-04-12
10173,Jack Tkachenko,jtkachenko@proton.me,US,+48538962309,2021-09-13
10174,Paul Nowak,paul.nowak@yahoo.com,UA,+380931497374,2023-04-01
10175,Max Edwards,maxedwards@ukr.net,GB,+447911179469,2023-08-12
10176,Dmytro Davis,dmytro.davis1340@proton.me,UA,+380958617063,2021-10-12
10177,Ewa Green,egreen@ukr.net,PL,+48796694320,2023-06-22
10179,Julia Moroz,julia.moroz@icloud.com,PL,+48782324407,2021-10-04
10181,Tomasz Roberts,tomaszroberts1333@hotmail.com,PL,+48888864976,2022-04-29
10183,Isla Becker,isla.becker@hotmail.com,US,+16172058527,2021-06-21
10184,Jack Tkachenko,jtkachenko@ukr.net,US,+15128510174,2023-08-16
10186,Magdalena Shevchenko,magdalenashevchenko1157@icloud.com,UA,+380975058300,2024-05-06
10188,Michael Schulz,michael.schulz@proton.me,PL,+48694615679,2026-05-04
10190,Agnieszka Roberts,aroberts@yahoo.com,UA,+380635200461,2022-10-26
10191,Lukas Tkachenko,ltkachenko1075@icloud.com,US,+13054225358,2022-09-24
10192,Mia Johnson,mia.johnson@icloud.com,PL,+48728765326,2025-02-18
10193,Petro Lewandowski,petrolewandowski@proton.me,UA,+380933794738,2022-10-26
10194,Anna Muller,annamuller@ukr.net,UA,+380671859626,2022-03-01
10195,Agnieszka Shevchuk,agnieszkashevchuk@gmail.com,PL,+48881411739,2024-05-25
10196,Piotr Wozniak,pwozniak@gmail.com,DE,+49491570259094,2025-07-11
10197,Andriy Kowalczyk,akowalczyk@hotmail.com,UA,+380951196421,2023-05-10
10198,Pawel Kowalczyk,pawelkowalczyk@ukr.net,UA,+380738350305,2022-08-09
10199,Petro Jones,pjones1033@outlook.com,UA,+380987134936,2024-03-28
10201,Olivia Thomas,othomas@hotmail.com,US,+17022730147,2021-03-13
10203,Marcin Muller,marcinmuller@icloud.com,GB,+447400649328,2023-01-30
10204,Kateryna Kowalski,kkowalski1398@outlook.com,DE,+491715423401,2024-11-30
10205,Anna Schulz,aschulz@proton.me,GB,+447700760243,2024-04-16
10206,David Kravchenko,david.kravchenko1132@outlook.com,GB,+447500912127,2024-05-31
10207,Magdalena Kravchenko,mkravchenko@proton.me,US,+15127870050,2021-10-23
10208,Ashley Wagner,ashleywagner@yahoo.com,UA,+380931158693,2021-05-23
10209,Jessica Wilson,jessica.wilson@icloud.com,UA,+380681390438,2024-06-18
10210,Dmytro Green,dmytrogreen@hotmail.com,UA,+380963320616,2026-02-20
10211,Emily Kaminski,,GB,+447700793564,2023-09-05
10212,Emily Thomas,emilythomas1289@ukr.net,UA,+380682495528,2021-01-18
10213,Julia Thomas,juliathomas1303@outlook.com,US,+15127139155,2026-07-02
10215,Anna Green,agreen1428@hotmail.com,UA,+380668356521,2022-10-23
10217,Marcin Wisniewski,marcin.wisniewski@proton.me,UA,+380973153779,2023-02-08
10218,Anna Nowak,annanowak@hotmail.com,UA,+380685704331,2026-05-18
10219,Anna Wojcik,annawojcik1434@hotmail.com,US,+18183030644,2023-11-29
10222,Emily Edwards,emilyedwards1433@icloud.com,UA,+380666365155,2021-09-05
10223,Emily Jones,emilyjones@outlook.com,US,+13055832302,2025-06-03
10224,Kateryna Schneider,,DE,+491602225913,2022-10-22
10225,Jack Davis,jack.davis@icloud.com,US,+17026322702,2023-08-11
10226,Robert Walker,robertwalker@proton.me,UA,+380667243426,2025-01-12
10227,Anna Roberts,annaroberts@icloud.com,US,+17027998136,2022-06-19
10228,Anna Kovalenko,anna.kovalenko@ukr.net,PL,+48666112545,2022-04-17
10229,Max Zielinski,max.zielinski1441@yahoo.com,UA,+380663960962,2025-05-25
10230,Sophie Weber,sophieweber@proton.me,UA,+380635512405,2021-05-10
10231,Grace Miller,grace.miller@proton.me,PL,+48882665918,2022-10-11
10232,Pawel Evans,pevans@icloud.com,PL,+48782874315,2025-07-19
10234,Anna Muller,amuller1383@hotmail.com,US,+17025555356,2021-04-16
10235,Sarah Anderson,sarahanderson@ukr.net,GB,+447500445107,2021-06-23
10236,Robert Kovalenko,rkovalenko@outlook.com,UA,+380969333346,2024-02-02
10237,Hans Wilson,hans.wilson@yahoo.com,UA,+380686392823,2024-08-20
10238,Charlotte Hughes,charlotte.hughes1207@yahoo.com,DE,+491753416389,2026-09-02
10239,Mia Wisniewski,mia.wisniewski@outlook.com,UA,+380662185188,2023-09-15
10240,Sarah White,sarah.white@yahoo.com,UA,+380738370816,2021-04-25
10241,Anna Jones,anna.jones@hotmail.com,UA,+380995730652,2026-04-03
10242,Grace Becker,gbecker@hotmail.com,UA,+380671455616,2021-08-27
10243,Robert Evans,robert.evans@proton.me,UA,+380689380262,2024-10-04
10245,Jessica Johnson,jjohnson@ukr.net,US,+17027629160,2025-08-12
10247,Sarah Hughes,sarah.hughes@outlook.com,GB,+447800829635,
10250,Pawel Anderson,pawelanderson@ukr.net,UA,+380738414593,2023-06-14
10251,Olga Wojcik,olga.wojcik@icloud.com,UA,+380975733221,2026-08-13
10253,Ashley Thomas,athomas@ukr.net,PL,+48792997376,2025-07-08
10254,John Nowak,johnnowak@yahoo.com,GB,+447700327877,2026-04-12
10255,James Kovalchuk,jameskovalchuk@ukr.net,UA,+380988821423,2022-02-06
10256,Anna Wozniak,anna.wozniak@gmail.com,UA,+380993727422,2025-06-01
10258,Grace Bondarenko,gracebondarenko@yahoo.com,UA,+380978302843,2022-12-19
10259,Olivia Wilson,olivia.wilson@gmail.com,US,+14155533803,2022-03-08
10260,Max Thomas,,UA,+48880892613,2026-05-20
10261,Amelia Wisniewski,amelia.wisniewski@proton.me,US,+17029644309,2022-08-26
10262,Agnieszka Kaminski,akaminski@outlook.com,US,+15125504892,2024-05-20
10263,Anna Hughes,annahughes@icloud.com,PL,+48794076789,2026-04-23
10264,Agnieszka Garcia,agnieszkagarcia1267@gmail.com,GB,+447911092791,
10265,Sophie Kravchenko,sophie.kravchenko@hotmail.com,PL,+48691848947,2025-04-17
10268,Max Shevchenko,max.shevchenko@ukr.net,UA,+380670780686,2022-01-07
10269,Krzysztof Kowalczyk,krzysztof.kowalczyk@yahoo.com,UA,+380956896270,2026-02-01
10270,Agnieszka Meyer,agnieszka.meyer1422@gmail.com,PL,+48797883619,2025-01-24
10271,Ivan Wagner,ivan.wagner@outlook.com,US,+12029743953,2022-01-05
10272,Oliver Nowak,olivernowak@hotmail.com,US,+15124328309,2023-02-17
10273,Amelia Walker,ameliawalker@yahoo.com,UA,+380506588043,2023-02-18
10274,John Szymanski,jszymanski@icloud.com,UA,+380674054115,2025-02-11
10275,Oksana Nowak,onowak@proton.me,UA,+380992606888,2026-01-06
10276,Petro Shevchuk,pshevchuk@ukr.net,PL,+48695698169,2021-10-14
10279,Isla Taylor,islataylor@icloud.com,PL,+48889799552,2025-02-19
10280,Emily Hall,ehall@yahoo.com,PL,+48792665702,2026-01-15
10281,Robert Evans,robertevans1225@outlook.com,UA,+380668157981,2024-11-21
10284,Katarzyna Evans,katarzyna.evans@hotmail.com,UA,+380680278681,2025-12-29
10285,Robert Hoffmann,rhoffmann@ukr.net,US,+17024300981,2025-10-01
10286,Mykola Lewandowski,mykolalewandowski@ukr.net,US,+15125977945,2022-04-23
10287,Paul Schulz,paulschulz@yahoo.com,UA,+380682406596,2026-05-17
10292,Laura Kovalenko,lkovalenko@outlook.com,PL,+48502259999,2024-06-01
10295,Paul Zielinski,,UA,+380685336884,2026-05-22
10297,Pawel Hughes,pawel.hughes@proton.me,US,+14157645208,2021-03-03
10298,Anna Shevchenko,,DE,+491714510526,2023-10-22
10299,Marcin Johnson,marcinjohnson@icloud.com,US,+15129877694,2024-08-24
10300,George Davis,gdavis1406@gmail.com,UA,+380958725686,2021-02-02
10301,Mia Evans,,US,+16174414967,2025-08-12
10302,Hans Wisniewski,hwisniewski@icloud.com,UA,+380930431038,2022-06-25
10304,Mykola Davis,mdavis@outlook.com,UA,+380663838065,2024-02-25
10305,Olga Schmidt,olga.schmidt1269@ukr.net,PL,+48513799563,2026-04-14
10306,Amelia Smith,amelia.smith@proton.me,UA,+380990156193,2022-03-03
10307,Agnieszka Roberts,aroberts@yahoo.com,DE,+491717293417,2023-12-05
10309,Oliver Schneider,oliver.schneider@hotmail.com,UA,+380632024286,2022-08-08
10310,Jack White,jwhite@outlook.com,UA,+380997584282,2024-11-06
10311,Laura Hoffmann,laurahoffmann@icloud.com,UA,+380992329832,2022-04-30
10312,Piotr Evans,piotr.evans1112@ukr.net,UA,+380963828258,2026-01-16
10314,Felix Hall,fhall1253@yahoo.com,UA,+380958795654,2021-04-22
10316,John Miller,john.miller@ukr.net,UA,+380504025472,2024-07-20
10317,Sarah Smith,sarah.smith1458@ukr.net,US,+16174940128,2021-02-22
10318,Julia Zielinski,jzielinski@ukr.net,UA,+380678108186,2025-05-29
10319,Laura Wilson,laura.wilson@ukr.net,UA,+380937018510,2026-03-03
10321,Julia Wisniewski,juliawisniewski@ukr.net,DE,+491601030324,2025-04-13
10322,Paul Evans,paulevans@yahoo.com,UA,+380955987622,2026-04-23
10323,Jessica Wojcik,jessicawojcik@outlook.com,PL,+48781072563,2021-07-06
10324,Dmytro Bondarenko,dmytrobondarenko1395@gmail.com,UA,+380972184011,2026-07-02
10325,Ashley Edwards,,UA,+380731373678,2023-04-03
10326,Laura Kravchenko,lkravchenko1125@gmail.com,UA,+380970068486,2022-09-29
10331,Oksana Kovalenko,oksanakovalenko@outlook.com,UA,+380734171467,2023-12-15
10333,Julia Hughes,jhughes@ukr.net,UA,+380683908088,2026-05-27
10334,John Boyko,johnboyko@ukr.net,UA,+380667163234,2022-08-08
10335,George Szymanski,george.szymanski@ukr.net,UA,+380935199663,2024-06-19
10336,Max Kowalczyk,mkowalczyk@gmail.com,UA,+380660576627,2022-09-25
10339,Felix Green,felix.green1007@ukr.net,PL,+491604657871,2021-10-18
10340,Agnieszka Weber,aweber@hotmail.com,US,+14157346706,2025-10-22
10341,Sarah Schneider,sarah.schneider@outlook.com,US,+18185927125,2025-01-19
10343,Ashley Becker,ashley.becker@proton.me,UA,+380970097925,2022-03-16
10344,Tomasz Johnson,tjohnson@hotmail.com,DE,+491607281793,2022-11-12
10346,Agnieszka Davis,agnieszka.davis@ukr.net,US,+13054936312,2024-12-02
10349,Ashley Oliynyk,ashley.oliynyk1121@ukr.net,GB,+491701520643,2025-09-26
10350,Agnieszka Wisniewski,awisniewski@hotmail.com,UA,+380996851276,2022-02-11
10352,Anna Jones,anna.jones@icloud.com,US,+16175543987,2022-10-04
10353,Pawel Smith,,US,+16172287280,2025-03-09
10355,Mia Thomas,mthomas@yahoo.com,PL,+48535799136,2021-06-09
10356,Oliver Davis,oliver.davis@icloud.com,PL,+48505097592,2025-06-22
10357,Sarah Edwards,sarahedwards@gmail.com,US,+17027426629,2021-06-24
10358,Hans Thomas,hthomas@proton.me,UA,+380937990772,2022-12-03
10359,Kateryna Evans,kateryna.evans1059@icloud.com,US,+12129986798,2024-11-07
10361,Michael Kovalenko,michaelkovalenko@outlook.com,UA,+380951863759,2025-12-31
10364,Julia Davis,jdavis@yahoo.com,DE,+447500579786,2021-11-30
10366,Oliver Davis,oliverdavis@icloud.com,US,+18183179128,2024-05-01
10367,Mia Evans,mia.evans@ukr.net,PL,+48880277038,2021-12-22
10368,David Green,dgreen@gmail.com,PL,+48508678085,2024-08-25
10369,Thomas Kaminski,thomas.kaminski@ukr.net,UA,+380730787010,2021-06-08
10370,Pawel Smith,pawel.smith@icloud.com,UA,+380509928161,2024-10-27
10371,Krzysztof Wozniak,kwozniak@gmail.com,UA,+380986283143,2022-03-27
10372,Oksana Garcia,oksana.garcia1009@ukr.net,UA,+380997262473,2023-08-27
10374,Mykola Tkachenko,mykola.tkachenko1349@proton.me,GB,+447800512070,2021-02-13
10375,Isla Kaminski,,UA,+380666938011,2026-09-05
10376,James Schneider,jamesschneider1311@ukr.net,DE,+49491706528092,2021-06-30
10377,Emily Wisniewski,emilywisniewski@gmail.com,UA,+380975525105,2022-02-26
10379,George Meyer,george.meyer1013@hotmail.com,UA,+380731241182,2024-02-08
10380,Anna Brown,abrown@ukr.net,UA,+380985494808,2022-01-17
10381,Agnieszka Schmidt,aschmidt1010@ukr.net,PL,+48720260647,2021-07-25
10382,Petro Davis,petrodavis@icloud.com,UA,+380982797881,2023-10-11
10384,Anna Kovalchuk,anna.kovalchuk@ukr.net,UA,+380730160166,2026-03-23
10386,Felix Wilson,felixwilson@ukr.net,GB,+447500450882,2022-07-08
10388,Anna Wilson,anna.wilson@hotmail.com,UA,+380507905072,2023-06-23
10389,Harry Johnson,harryjohnson1259@outlook.com,UA,+380951746542,2023-02-04
10391,Hans Kaminski,hanskaminski1405@hotmail.com,DE,+49506284177,2023-03-27
10395,Charlotte Walker,cwalker1138@outlook.com,UA,+380639293784,2022-12-28
10397,Mykola Walker,mykolawalker@outlook.com,PL,+48784773329,2024-10-12
10400,Petro Muller,petro.muller@yahoo.com,UA,+380937617075,2022-11-21
10401,Petro Boyko,petroboyko@hotmail.com,UA,+380632364587,2022-08-29
10408,Oksana Boyko,oboyko@ukr.net,UA,+380678353544,2024-05-11
10411,Charlotte Smith,charlottesmith@proton.me,UA,+380678613171,2025-04-21
10412,Laura Muller,lmuller@ukr.net,GB,+447400284781,2021-08-05
10413,Katarzyna Wilson,kwilson@yahoo.com,UA,+380632975001,2024-05-21
10414,Ivan Wagner,ivanwagner1031@proton.me,UA,+380957520471,2025-01-09
10416,Harry Kowalski,hkowalski@gmail.com,US,+12125668633,2025-04-07
10417,Oksana Miller,oksana.miller@icloud.com,DE,+491601637351,2025-08-11
10418,Iryna Oliynyk,iryna.oliynyk@icloud.com,UA,+380993381674,2021-11-24
10419,Oliver Hoffmann,ohoffmann1418@outlook.com,UA,+380671851327,2021-07-02
10420,Olivia White,oliviawhite@outlook.com,UA,+380989297517,2023-06-29
10421,David Kravchenko,davidkravchenko@proton.me,UA,+380639650477,2021-12-03
10423,Sarah Hughes,shughes1030@outlook.com,PL,+48888941343,2026-07-04
10424,Pawel Evans,pawelevans@yahoo.com,UA,+380967742333,2021-08-19
10427,Sarah Nowak,sarahnowak@yahoo.com,UA,+380933568044,2022-05-13
10428,Julia Schulz,jschulz@outlook.com,DE,+491700539103,2021-06-16
10429,Oliver White,owhite1173@outlook.com,DE,+491719893347,2023-11-11
10430,David Williams,david.williams@proton.me,US,+18185433036,2023-01-02
10431,Sarah Roberts,sarah.roberts@proton.me,US,+380685869232,2021-08-06
10432,Pawel Muller,,UA,+380968519611,2025-09-24
10433,Anna Hall,annahall@yahoo.com,GB,+447500365199,2021-07-27
10434,Agnieszka Oliynyk,agnieszka.oliynyk1241@hotmail.com,PL,+48605743842,2024-06-25
10435,Anna Schneider,aschneider@yahoo.com,US,+16172945637,2022-01-24
10437,Oliver Becker,oliverbecker@proton.me,DE,+491603373634,2021-06-18
10439,David Kaminski,david.kaminski@yahoo.com,DE,+49491709578856,2023-01-29
10441,Olga Hall,olgahall@gmail.com,UA,+380681492164,2026-05-05
10442,Oliver Miller,olivermiller@gmail.com,US,+12029010016,2024-11-01
10444,Anna Davis,annadavis@ukr.net,US,+17024494856,2023-07-31
10445,Michael Zielinski,michael.zielinski1265@yahoo.com,UA,+380936519825,2025-02-12
10451,Harry Schulz,harryschulz1147@outlook.com,PL,+48721622999,2026-04-22
10452,Oksana Kaminski,okaminski@icloud.com,UA,+380508523986,2024-07-28
10454,Mykola Wisniewski,mwisniewski@yahoo.com,DE,+491707768634,2025-10-02
10457,Anna Kaminski,annakaminski@ukr.net,GB,+447911078263,2023-09-02
10458,Mia Miller,mmiller@yahoo.com,UA,+380983479552,2023-07-26
10459,Grace Schneider,grace.schneider@outlook.com,UA,+380673075622,2021-04-08
10462,Emily Zielinski,emily.zielinski@ukr.net,PL,+48882624945,2022-08-24
10463,Pawel Schulz,pawelschulz@yahoo.com,UA,+380734991251,2022-11-12
10464,Lukas Fischer,lukas.fischer@icloud.com,UA,+380991219136,2023-12-24
10465,Lukas Hall,lukashall@outlook.com,GB,+447500922169,2022-01-07
10466,Mia Wojcik,mwojcik1276@yahoo.com,US,+12123711624,2025-03-09
10467,Oliver Anderson,oliveranderson1307@icloud.com,UA,+380681238296,2025-08-25
10468,Krzysztof White,krzysztof.white1026@hotmail.com,UA,+380633149190,2026-02-27
10469,Max Davis,maxdavis1118@ukr.net,GB,+447911126042,2025-08-24
10470,Julia Bondarenko,julia.bondarenko1255@outlook.com,UA,+380682927663,2026-05-05
10471,Lukas Evans,lukasevans@ukr.net,UA,+380977788925,2025-05-03
10472,Kateryna Oliynyk,koliynyk@proton.me,US,+12126152809,2024-07-03
10474,Grace Moroz,grace.moroz@proton.me,PL,+48507903202,2023-06-23
10475,Jack Taylor,jtaylor@outlook.com,GB,+447500967275,2025-07-24
10476,Krzysztof Schneider,krzysztofschneider@proton.me,UA,+380661530515,2021-11-21
10477,Hans Miller,hansmiller1040@ukr.net,UA,+380936158657,2022-02-16
10479,Mykola Nowak,mykolanowak1036@yahoo.com,UA,+380686808760,2021-04-29
10480,Katarzyna Schulz,,UA,+380666395517,2024-08-14
10481,Harry Smith,harry.smith@gmail.com,UA,+380996589026,2025-04-24
10482,John Evans,john.evans@ukr.net,PL,+48729749956,2023-09-18
10483,Ewa Szymanski,eszymanski@proton.me,GB,+447400049082,2022-09-26
10486,Laura Boyko,lboyko@ukr.net,UA,+380678255598,2023-02-20
10489,Katarzyna Roberts,katarzyna.roberts1286@yahoo.com,US,+15125189520,2022-12-04
10490,Oksana Anderson,oanderson@proton.me,US,+16177758474,2021-03-26
10491,Olga Brown,olgabrown@hotmail.com,UA,+380664214764,2022-05-01
10493,Emily Jones,emilyjones1180@hotmail.com,DE,+491703129087,2022-02-14
10495,Andriy Hall,,US,+13053076810,2023-05-10
10496,Iryna Boyko,iryna.boyko@yahoo.com,UA,+380505247286,2021-08-10
10497,Amelia Shevchuk,amelia.shevchuk1292@proton.me,UA,+380991126691,2024-02-15
10498,Magdalena Shevchenko,magdalenashevchenko1106@hotmail.com,UA,+380661839826,2023-08-10
10499,Krzysztof Schulz,krzysztof.schulz@yahoo.com,UA,+380662891775,2024-10-06
10500,Michael Hughes,michael.hughes1097@icloud.com,UA,+380953936385,2024-04-08
