customer_id,full_name,email,country,phone,signup_date
10001,Harry Becker,hbecker@gmail.com,ukraine,+380 66 95 83 21 9,04-02-2025
10002,Charlotte Szymanski,cszymanski@proton.me,UK,+44-740-089-547-3,2026-01-11
10003,Thomas Smith,thomassmith@gmail.com,germany,+380000000000,21/01/2025
10004,Michael Williams,michael.williams@proton.me,Ukraine ,+380995714224 ext. 221,19.10.2024
10005,john becker,jbecker@proton.me,Ukraine,05 07 25 20 45,11-16-2022
10006,Oliver Boyko,oboyko1000@ukr.net,Ukraine,+380983321819,2024-02-14
10007,Magdalena Hoffmann,magdalenahoffmann@outlook.com,PL,(788) 961-183,18.09.2022
10008,James Weber,james.weber1176@proton.me,germany,(151) 858-8770,24.05.2023
10009,james edwards,jedwards1061@ukr.net,United States of America,+13055192546 ext. 327,10-01-2025
10010,Anna Kovalenko,annakovalenko@proton.me,Ukraine ,09 32 18 51 56,01/01/2025
10011,Pawel Johnson,pjohnson@yahoo.com,Ukraine ,00380665375564,2021-06-14
10012,Petro Wozniak,pwozniak@proton.me,UA,asdkjh,01-26-2022
10013,Dmytro Meyer,dmytro.meyer@hotmail.com,Ukraine ,,15.07.2026
10014,Laura Tkachenko,ltkachenko@hotmail.com,GB,+48 60 66 55 28 9,2022-08-21
10015,Max Zielinski,maxzielinski@yahoo.com,United States,7027066253,2026-05-17
10016,  Jessica Williams  ,jessicawilliams@proton.me,US,30 53 27 19 37,01.07.2024
10017,Petro Weber,petroweber1330@icloud.com,Ukraine ,380932884318,2025-09-28
10018,Kateryna Taylor,ktaylor@proton.me,germany,TBD,2026-01-03
10019,Pawel Kravchenko,pkravchenko@yahoo.com,Ukraine ,380960754527,29/05/2022
10020,Andriy Walker,andriywalker@outlook.com,UK,+380 66 90 87 76 6,01-07-2022
10021,Max Schmidt,maxschmidt@proton.me,ukraine,09 37 48 96 90,21/09/2021
10022,Tomasz Schulz,tomaszschulz1317@hotmail.com,ukraine,+380-736-108-573,15/05/2024
10023,Jessica Shevchenko,jessica.shevchenko@outlook.com,Ukraine ,+380 68 19 72 18 1,04-05-2024
10024,Laura Taylor,laura.taylor@ukr.net,Germany,(160) 126-0432,20.09.2026
10025,Thomas Green,thomasgreen1035@ukr.net,Ukraine ,00380997429671,31.05.2021
10026,Robert Oliynyk,robert.oliynyk1382@icloud.com,Ukraine,09 81 50 93 77,2025-07-30
10027,Anna Taylor,ataylor@proton.me,ukraine,09 94 04 60 84,18.09.2022
10028,Olivia Smith,oliviasmith@gmail.com,poland,+48787217535,04.08.2026
10029,Emily Moroz,emoroz@ukr.net,Ukraine,+380500209945,28.12.2022
10030,Amelia Green,amelia.green1090@proton.me,poland,  ,2026-06-26
10031,Amelia Moroz,amelia.moroz@gmail.com,PL,+48669824741,2021-01-03
10032,Magdalena Meyer,magdalenameyer@outlook.com,germany,,19.10.2021
10033,Felix Brown,felix.brown@hotmail.com,UA,+49-176-238-656-2,11.02.2026
10034,Olivia Smith,oliviasmith@gmail.com,poland,+48787217535,26.10.2021
10035,LUKAS BECKER,lukasbecker@gmail.com,ukraine,-,02-01-2024
10036,Sophie Schmidt,sophie.schmidt@yahoo.com,ukraine,380506856624,04.07.2022
10037,Lukas Nowak,lukasnowak@icloud.com,ukraine,(731) 227-530,2021-09-12
10038,Marcin Kowalski,marcin.kowalski1459@ukr.net,UA,,2022-08-24
10039,Mia Davis,mia.davis@ukr.net,England,447800368872,31.07.2023
10040,Felix Kowalski,felix.kowalski1262@ukr.net,Ukraine,00380954328063,04.09.2023
10041,Charlotte Davis,cdavis@yahoo.com,Poland,533083402,02-20-2025
10042,Anna Zielinski,annazielinski@yahoo.com,,0637265273,08/11/2024
10043,Mykola Fischer,mfischer@outlook.com,DE,+49-157-686-025-9,2023-01-11
10044,  Andriy Shevchenko  ,ashevchenko1130@yahoo.com,GB,00447400385050,07.08.2023
10045,Katarzyna Roberts,katarzynaroberts@gmail.com,PL,78 16 94 72 2,04-08-2024
10046,Tomasz Nowak,tnowak@icloud.com,UA,0633204899,25.06.2026
10047,George Becker,george.becker@yahoo.com,US,+17024422096,15/11/2021
10048,Grace Green,ggreen@ukr.net,PL,,12.04.2024
10049,Hans Wisniewski,hwisniewski1084@outlook.com,PL,+48-664-198-665,01-16-2024
10050,Julia Roberts,julia.roberts@yahoo.com,Poland,-,11.05.2025
10051,Harry Wojcik,hwojcik1131@hotmail.com,poland,0048519182619,01-29-2026
10052,Krzysztof Anderson,krzysztofanderson@gmail.com,United States,41 55 21 81 88,05/11/2021
10053,Ewa Schulz,ewa.schulz1455@hotmail.com,PL,+48-723-146-249,12-12-2024
10054,Harry Tkachenko,harry.tkachenko@gmail.com,Ukraine ,00380671041459,20.08.2025
10055,Charlotte Hoffmann,charlottehoffmann1449@yahoo.com,England,+44.74.00.96.65.53,03-29-2021
10056,Jessica Kovalchuk,jkovalchuk@icloud.com,US,12022496854,2023-08-31
10057,Agnieszka Hoffmann,ahoffmann@ukr.net,DE,+49-170-858-333-9,01.04.2026
10058,Tomasz Kravchenko,tomaszkravchenko@gmail.com,United States of America,+1 61 76 72 43 80,01.09.2024
10059,James Roberts,jroberts@hotmail.com,Ukraine,00380730380214,2022-03-23
10060,Laura Kravchenko,laurakravchenko@ukr.net,United Kingdom,(791) 111-3863,2025-10-16
10061,Emily Meyer,emeyer@hotmail.com,Deutschland,+49.17.02.76.24.67,12-15-2024
10062,  Laura Wozniak  ,laura.wozniak@gmail.com,Germany,+49 17 58 63 37 52,19/07/2021
10063,Sarah Shevchenko,sarah.shevchenko@yahoo.com,germany,491766371539,29.01.2025
10064,Robert Boyko,robert.boyko@hotmail.com,Ukraine ,+380.73.09.28.20.6,28/05/2022
10065,Paul Wozniak,paul.wozniak@icloud.com,England,+447500439920 ext. 669,22.05.2024
10066,Ewa Wozniak,ewozniak1326@hotmail.com,UK,+44-740-019-918-0,09-24-2022
10067,Felix Davis,felixdavis1205@hotmail.com,PL,48538299796,2021-02-13
10068,Olga Evans,olgaevans@outlook.com,USA,,06.07.2024
10069,Jack Kaminski,jkaminski1390@proton.me,ukraine,0732086567,07/02/2021
10070,Olivia Meyer,olivia.meyer@outlook.com,Ukraine,+380638909837,2025-12-25
10071,PIOTR HALL,phall1048@hotmail.com,,N/A,01-11-2026
10072,Mia Kravchenko,mkravchenko1181@ukr.net,United Kingdom,+447700775949 / +380635562053,12-30-2025
10073,Jessica Thomas,jessicathomas@hotmail.com,UA,+447700379502,2021-11-14
10074,Kateryna Anderson,kanderson1074@icloud.com,ukraine,+380 93 78 66 91 2,13.06.2022
10075,Oksana Hall,oksana.hall@icloud.com,US,00380735290965,12/08/2026
10076,Thomas Evans,thomasevans1293@gmail.com,UK,+447700796784 / +380951147732,2024-05-25
10077,Isla Walker,islawalker@hotmail.com,ukraine,+380957805292,05-12-2024
10078,Mykola White,mwhite@proton.me,United States,(512) 269-4500,04-14-2025
10079,Iryna Shevchuk,irynashevchuk@hotmail.com,Germany,+49.16.03.08.33.01,03-22-2024
10080,George Weber,george.weber@ukr.net,UA,0972116025,2026-07-09
10081,  Sarah Zielinski  ,sarah.zielinski1019@outlook.com,United States,6177773872,2026-05-01
10082,Laura Moroz,lmoroz@gmail.com,United States,17021429396,05.02.2022
10083,James Evans,james.evans@ukr.net,ukraine,+380 93 89 93 58 8,2021-08-12
10084,Laura Shevchenko,lshevchenko1249@hotmail.com,Germany,01 75 24 05 80 0,12.04.2025
10085,Amelia Boyko,amelia.boyko@hotmail.com,poland,881901581,13.07.2022
10086,Jessica Miller,jessica.miller@icloud.com,Ukraine,+380731751830,04/03/2021
10087,Felix Shevchenko,felixshevchenko@proton.me,US,,02/05/2022
10088,Robert Hoffmann,robert.hoffmann1271@ukr.net,UA,+380.73.92.98.31.6,30/06/2023
10089,Oksana Roberts,oksana.roberts@hotmail.com,Ukraine,380971310094,04.01.2024
10090,Pawel Edwards,pedwards1158@icloud.com,Poland,0048795625753,03.06.2021
10091,Julia Brown,juliabrown1083@yahoo.com,poland,788652785,06-26-2026
10092,Oksana Wagner,,PL,(537) 315-851,2024-01-01
10093,Robert Roberts,rroberts@outlook.com,PL,(517) 594-647,06-10-2025
10094,Mykola Taylor,mykolataylor@yahoo.com,Ukraine,+380.93.31.29.01.4,26.05.2022
10095,Ewa Lewandowski,ewa.lewandowski1077@hotmail.com,poland,+48605925556 доб. 537,09/09/2025
10096,Paul Wozniak,paul.wozniak@icloud.com,England,+447500439920,2022-07-30
10097,piotr smith,piotr.smith@hotmail.com,ukraine,,04-24-2023
10098,Julia Szymanski,julia.szymanski@icloud.com,Germany,,2024-04-16
10099,Marcin Schmidt,marcin.schmidt@ukr.net,United Kingdom,0501538144,2026-06-23
10100,Andriy Smith,asmith@icloud.com,USA,(202) 147-6797,2021-08-13
10101,Thomas Weber,,Ukraine,0951983863,20/12/2025
10102,Grace Kaminski,gkaminski@outlook.com,Ukraine ,N/A,2021-10-26
10103,Ashley Kravchenko,akravchenko@hotmail.com,poland,0048797635148,18/03/2021
10104,Julia Weber,julia.weber@gmail.com,Ukraine ,0930868034,2022-01-06
10105,Harry Hall,hhall@ukr.net,Poland,+48799752677 ext. 241,28/09/2021
10106,Ivan Schulz,ivan.schulz@icloud.com,ukraine,,2024-12-18
10107,  Oliver Weber  ,oliverweber@outlook.com,ukraine,+380.98.72.76.01.2,04.11.2025
10108,Laura Hoffmann,laurahoffmann@icloud.com,Ukraine ,(636) 592-342,29/01/2022
10109,Petro Szymanski,petroszymanski@outlook.com,UA,+380-687-133-959,04-13-2024
10110,  Emily Evans  ,,Poland,-,05-19-2025
10111,Oksana Oliynyk,oksana.oliynyk@icloud.com,germany,+491751798178,07.12.2024
10112,Ewa Schulz,ewa.schulz@ukr.net,poland,0048697366096,23/06/2021
10113,Anna Oliynyk,aoliynyk@proton.me,United States of America,+1-702-542-356-7,08-16-2022
10114,  Mia Brown  ,miabrown1353@ukr.net,Ukraine ,,03-22-2023
10115,Hans Fischer,hans.fischer@proton.me,UA,+380633213348,2025-01-09
10116,Jessica Thomas,jessicathomas@hotmail.com,UA,07 70 03 79 50 2,2025-05-19
10117,Agnieszka Wozniak,agnieszka.wozniak1328@gmail.com,GB,+44 79 11 50 72 08,08-25-2021
10118,Harry Boyko,harry.boyko@ukr.net,Ukraine,+380667342575,2025-01-26
10119,George Schulz,gschulz1076@yahoo.com,Germany,00491719001094,03/09/2021
10120,George Szymanski,gszymanski@proton.me,Ukraine ,(171) 695-6201,25/06/2023
10121,Amelia Nowak,amelianowak1162@hotmail.com,Ukraine,0681002255,24/09/2025
10122,Laura Schneider,lauraschneider@hotmail.com,Ukraine ,09 97 40 34 50,07-31-2026
10123,Agnieszka Hoffmann,ahoffmann@ukr.net,DE,01 70 85 83 33 9,13.12.2024
10124,Felix Garcia,felixgarcia@proton.me,United States of America,+1-702-064-413-4,07.07.2026
10125,Felix Wilson,felixwilson@outlook.com,UA,+380662030366 / +380734361721,27/06/2021
10126,Katarzyna Tkachenko,ktkachenko1296@outlook.com,Ukraine ,+380000000000,2024-06-02
10127,Mykola Muller,mykola.muller@proton.me,Deutschland,+49.15.16.86.50.86,2023-08-11
10128,Piotr Kovalchuk,pkovalchuk@yahoo.com,Ukraine ,+380 97 76 03 75 4,23.10.2025
10129,Sophie Edwards,sophieedwards@proton.me,UA,+380-507-164-794,09-13-2022
10130,Hans Meyer,hansmeyer1222@hotmail.com,Ukraine ,###,04-10-2021
10131,sarah schulz,sschulz@outlook.com,Deutschland,+49 15 79 71 02 48,04.01.2023
10132,Harry Hall,hhall@ukr.net,Poland,+48.79.97.52.67.7,01-09-2023
10133,Anna Wojcik,anna.wojcik@ukr.net,UA,+380.95.93.03.61.4,24/09/2021
10134,Krzysztof Schulz,kschulz@ukr.net,United States,+15129588879,24/12/2023
10135,Jessica Bondarenko,jessicabondarenko@icloud.com,PL,(693) 457-861,2023-11-26
10136,David Fischer,davidfischer@yahoo.com,GB,+447800174451,12/03/2023
10137,James Wagner,jameswagner1346@hotmail.com,United States of America,,27.03.2026
10138,Olivia Bondarenko,olivia.bondarenko@proton.me,GB,00447800001594,2026-08-12
10139,James Muller,jmuller1431@proton.me,England,00447800219705,20.08.2025
10140,Lukas Schulz,lschulz@proton.me,ukraine,+380-957-665-754,07/02/2024
10141,Iryna Thomas,iryna.thomas1012@yahoo.com,germany,no phone,2024-05-24
10142,Laura Shevchenko,lshevchenko1249@hotmail.com,Germany,(175) 240-5800,08/03/2022
10143,Katarzyna Hughes,katarzyna.hughes1044@gmail.com,Ukraine ,+380.97.28.58.84.2,06-16-2025
10144,Julia Schulz,jschulz1355@yahoo.com,United States of America,21 21 22 33 86,2023-10-10
10145,Isla Fischer,isla.fischer1032@yahoo.com,UA,+380 95 49 64 99 0,04-09-2026
10146,Krzysztof Becker,kbecker@outlook.com,DE,+491524630316 ext. 326,28/11/2023
10147,Olivia Tkachenko,oliviatkachenko1409@icloud.com,Ukraine,+380985456350,01-29-2025
10148,Amelia Schmidt,,UA,(933) 344-762,23.08.2023
10149,Agnieszka Evans,aevans1440@proton.me,,00491750538444,04/10/2024
10150,Anna Boyko,annaboyko@gmail.com,ukraine,+380-992-675-869,08-26-2023
10151,Katarzyna Boyko,kboyko@yahoo.com,UK,,2025-01-28
10152,Amelia Wozniak,amelia.wozniak1429@icloud.com,Ukraine ,380731332288,07/05/2025
10153,Mia Tkachenko,mia.tkachenko@hotmail.com,UA,+380937715910,2025-02-19
10154,John Johnson,jjohnson@yahoo.com,PL,79 52 89 75 5,11-07-2023
10155,Ashley Walker,ashleywalker1208@yahoo.com,germany,01605020802,08-04-2026
10156,Pawel Lewandowski,pawel.lewandowski@icloud.com,US,(415) 676-3201,23.07.2024
10157,Anna Zielinski,annazielinski@yahoo.com,,06 37 26 52 73,01/05/2021
10158,Sophie Smith,sophie.smith1442@yahoo.com,GB,+447500110609 / +380638196027,03-29-2025
10159,Mia Edwards,miaedwards1021@yahoo.com,United States of America,+17028727743,30/01/2022
10160,Iryna Williams,iryna.williams@gmail.com,UA,(980) 777-809,2023-05-01
10161,Pawel Hall,pawelhall@icloud.com,Germany,+491604031277,22/12/2022
10162,Hans Kravchenko,hkravchenko@outlook.com,UA,+380-681-155-426,14.08.2025
10163,LUKAS SZYMANSKI,lukasszymanski@gmail.com,USA,8182867908,2021-09-04
10164,Amelia Hall,amelia.hall@ukr.net,Deutschland,+49.17.12.57.15.09,19/06/2024
10165,Oliver Shevchuk,oshevchuk@ukr.net,Ukraine,,03-11-2024
10166,Charlotte Kravchenko,ckravchenko1002@gmail.com,UA,09 74 13 16 47,30/09/2023
10167,Amelia Hoffmann,amelia.hoffmann@proton.me,,+380961637618 ext. 627,02/01/2024
10168,Iryna Garcia,iryna.garcia1004@ukr.net,USA,+1 51 29 69 65 32,04-02-2026
10169,Laura Schneider,lauraschneider@outlook.com,Ukraine ,380968914161,01-29-2026
10170,Magdalena Shevchenko,magdalenashevchenko@outlook.com,Germany,+49.16.04.19.18.25,11-26-2024
10171,Mykola Kaminski,mkaminski@outlook.com,US,TBD,06-02-2021
10172,Michael Shevchenko,mshevchenko1238@outlook.com,Ukraine,(951) 396-605,04-12-2022
10173,Jack Tkachenko,jtkachenko@proton.me,United States of America,+48 53 89 62 30 9,13/09/2021
10174,PAUL NOWAK,paul.nowak@yahoo.com,Ukraine,00380931497374,04.01.2023
10175,Max Edwards,maxedwards@ukr.net,GB,07911179469,08-12-2023
10176,Dmytro Davis,dmytro.davis1340@proton.me,Ukraine ,+380958617063,10/12/2021
10177,Ewa Green,egreen@ukr.net,poland,(796) 694-320,06-22-2023
10178,Grace Williams,gracewilliams@proton.me,ukraine,+380974333395 / +380681179080,22.02.2024
10179,  Julia Moroz  ,julia.moroz@icloud.com,Poland,0048782324407,2021-10-04
10180,David Wozniak,david.wozniak1167@icloud.com,Ukraine ,,30.07.2022
10181,Tomasz Roberts,tomaszroberts1333@hotmail.com,poland,+48.88.88.64.97.6,29/04/2022
10182,Oliver Taylor,otaylor1416@yahoo.com,Deutschland,+491607354396 / +380976527172,29.12.2022
10183,Isla Becker,isla.becker@hotmail.com,US,+1.61.72.05.85.27,06-21-2021
10184,Jack Tkachenko,jtkachenko@ukr.net,United States of America,+15128510174,08-16-2023
10185,Julia Shevchuk,jshevchuk@proton.me,DE,1111111111,2023-01-27
10186,Magdalena Shevchenko,magdalenashevchenko1157@icloud.com,UA,(975) 058-300,05-06-2024
10187,Anna Taylor,annataylor@outlook.com,UA,,21/01/2021
10188,Michael Schulz,michael.schulz@proton.me,PL,(694) 615-679,2026-05-04
10189,Pawel Walker,pawelwalker1209@ukr.net,United States,(617) 120-4618,18/05/2021
10190,Agnieszka Roberts,aroberts@yahoo.com,Ukraine ,(635) 200-461,26.10.2022
10191,Lukas Tkachenko,ltkachenko1075@icloud.com,United States,+1 30 54 22 53 58,24/09/2022
10192,Mia Johnson,mia.johnson@icloud.com,poland,+48.72.87.65.32.6,2025-02-18
10193,Petro Lewandowski,petrolewandowski@proton.me,UA,+380.93.37.94.73.8,26/10/2022
10194,Anna Muller,annamuller@ukr.net,UA,+380 67 18 59 62 6,03.01.2022
10195,Agnieszka Shevchuk,agnieszkashevchuk@gmail.com,poland,881411739,25.05.2024
10196,Piotr Wozniak,pwozniak@gmail.com,germany,491570259094,2025-07-11
10197,Andriy Kowalczyk,akowalczyk@hotmail.com,UA,+380-951-196-421,05.10.2023
10198,Pawel Kowalczyk,pawelkowalczyk@ukr.net,UA,+380 73 83 50 30 5,08-09-2022
10199,Petro Jones,pjones1033@outlook.com,UA,+380987134936 ext. 673,28.03.2024
10200,Kateryna Kaminski,katerynakaminski@proton.me,Germany,,19.12.2022
10201,Olivia Thomas,othomas@hotmail.com,United States,+1 70 22 73 01 47,03-13-2021
10202,Ewa Kravchenko,ewa.kravchenko@proton.me,Deutschland,+49 15 26 84 57 75,07-20-2026
10203,Marcin Muller,marcinmuller@icloud.com,UK,07 40 06 49 32 8,30.01.2023
10204,Kateryna Kowalski,kkowalski1398@outlook.com,Deutschland,(171) 542-3401,11-30-2024
10205,Anna Schulz,aschulz@proton.me,United Kingdom,+44.77.00.76.02.43,16.04.2024
10206,David Kravchenko,david.kravchenko1132@outlook.com,UK,00447500912127,2024-05-31
10207,Magdalena Kravchenko,mkravchenko@proton.me,United States of America,+15127870050,2021-10-23
10208,Ashley Wagner,ashleywagner@yahoo.com,ukraine,00380931158693,23/05/2021
10209,jessica wilson,jessica.wilson@icloud.com,UA,+380681390438,2024-06-18
10210,Dmytro Green,dmytrogreen@hotmail.com,Ukraine ,+380-963-320-616,2026-02-20
10211,Emily Kaminski,,GB,00447700793564,09.05.2023
10212,Emily Thomas,emilythomas1289@ukr.net,Ukraine,(682) 495-528,2021-01-18
10213,Julia Thomas,juliathomas1303@outlook.com,US,0015127139155,07-02-2026
10214,Amelia Nowak,amelianowak@icloud.com,DE,+49 15 28 84 42 25,2022-06-16
10215,  Anna Green  ,agreen1428@hotmail.com,Ukraine,380668356521,23/10/2022
10216,Max Wagner,max.wagner@hotmail.com,Germany,(157) 750-3731,02-27-2022
10217,Marcin Wisniewski,marcin.wisniewski@proton.me,Ukraine ,09 73 15 37 79,02.08.2023
10218,Anna Nowak,annanowak@hotmail.com,Ukraine,+380 68 57 04 33 1,18/05/2026
10219,Anna Wojcik,annawojcik1434@hotmail.com,US,+1 81 83 03 06 44,29/11/2023
10220,Julia Green,juliagreen@outlook.com,United States of America,,21/10/2023
10221,Ivan Kowalski,ivankowalski1014@gmail.com,USA,unknown,06-13-2021
10222,Emily Edwards,emilyedwards1433@icloud.com,UA,+380.66.63.65.15.5,09.05.2021
10223,Emily Jones,emilyjones@outlook.com,USA,+1 30 55 83 23 02,06/03/2025
10224,  Kateryna Schneider  ,,Germany,01 60 22 25 91 3,22/10/2022
10225,JACK DAVIS,jack.davis@icloud.com,United States,+1-702-632-270-2,08.11.2023
10226,Robert Walker,robertwalker@proton.me,ukraine,+380 66 72 43 42 6,2025-01-12
10227,Anna Roberts,annaroberts@icloud.com,US,0017027998136,19/06/2022
10228,Anna Kovalenko,anna.kovalenko@ukr.net,poland,(666) 112-545,2022-04-17
10229,Max Zielinski,max.zielinski1441@yahoo.com,UA,00380663960962,05-25-2025
10230,Sophie Weber,sophieweber@proton.me,UA,380635512405,05-10-2021
10231,Grace Miller,grace.miller@proton.me,poland,(882) 665-918,10/11/2022
10232,Pawel Evans,pevans@icloud.com,poland,+48.78.28.74.31.5,19.07.2025
10233,Felix Hoffmann,felix.hoffmann@icloud.com,Ukraine ,,09-24-2022
10234,Anna Muller,amuller1383@hotmail.com,United States,+17025555356,2021-04-16
10235,Sarah Anderson,sarahanderson@ukr.net,United Kingdom,+44-750-044-510-7,23.06.2021
10236,Robert Kovalenko,rkovalenko@outlook.com,ukraine,+380969333346,02.02.2024
10237,Hans Wilson,hans.wilson@yahoo.com,Ukraine ,+380-686-392-823,08-20-2024
10238,Charlotte Hughes,charlotte.hughes1207@yahoo.com,germany,01753416389,09.02.2026
10239,MIA WISNIEWSKI,mia.wisniewski@outlook.com,Ukraine,380662185188,2023-09-15
10240,  Sarah White  ,sarah.white@yahoo.com,Ukraine,+380.73.83.70.81.6,2021-04-25
10241,Anna Jones,anna.jones@hotmail.com,ukraine,+380995730652,04-03-2026
10242,Grace Becker,gbecker@hotmail.com,Ukraine ,+380 67 14 55 61 6,2021-08-27
10243,Robert Evans,robert.evans@proton.me,ukraine,+380689380262,10-04-2024
10244,Katarzyna Moroz,kmoroz1228@yahoo.com,Germany,call me,2025-01-11
10245,Jessica Johnson,jjohnson@ukr.net,United States,+1-702-762-916-0,2025-08-12
10246,Robert Oliynyk,robert.oliynyk1382@icloud.com,Ukraine,+380 98 15 09 37 7,03-19-2025
10247,Sarah Hughes,sarah.hughes@outlook.com,UK,(780) 082-9635,11.02.2026
10248,Paul Nowak,paul.nowak1006@ukr.net,Poland,-,30/09/2025
10249,PIOTR KAMINSKI,piotrkaminski@hotmail.com,DE,+49.15.12.35.57.70,05-11-2024
10250,Pawel Anderson,pawelanderson@ukr.net,ukraine,+380-738-414-593,14/06/2023
10251,Olga Wojcik,olga.wojcik@icloud.com,Ukraine,09 75 73 32 21,13/08/2026
10252,Andriy Wojcik,andriywojcik@outlook.com,,533868700,10/12/2024
10253,ashley thomas,athomas@ukr.net,poland,+48 79 29 97 37 6,07-08-2025
10254,John Nowak,johnnowak@yahoo.com,UK,+44.77.00.32.78.77,04-12-2026
10255,James Kovalchuk,jameskovalchuk@ukr.net,Ukraine ,+380 98 88 21 42 3,02-06-2022
10256,Anna Wozniak,anna.wozniak@gmail.com,UA,+380 99 37 27 42 2,06/01/2025
10257,John Shevchuk,,germany,00491570970231,10.08.2025
10258,Grace Bondarenko,gracebondarenko@yahoo.com,Ukraine ,09 78 30 28 43,19.12.2022
10259,OLIVIA WILSON,olivia.wilson@gmail.com,United States of America,(415) 553-3803,03/08/2022
10260,Max Thomas,,ukraine,+48 88 08 92 61 3,20.05.2026
10261,Amelia Wisniewski,amelia.wisniewski@proton.me,USA,70 29 64 43 09,26.08.2022
10262,Agnieszka Kaminski,akaminski@outlook.com,US,+1.51.25.50.48.92,2024-05-20
10263,Anna Hughes,annahughes@icloud.com,Poland,+48.79.40.76.78.9,2026-04-23
10264,Agnieszka Garcia,agnieszkagarcia1267@gmail.com,GB,07911092791,10/09/2026
10265,Sophie Kravchenko,sophie.kravchenko@hotmail.com,Poland,+48.69.18.48.94.7,17/04/2025
10266,Ivan Kaminski,ikaminski@icloud.com,DE,+49 15 16 37 31 49,21.08.2024
10267,Sophie Davis,sophie.davis@ukr.net,Deutschland,00491512562588,2024-01-01
10268,Max Shevchenko,max.shevchenko@ukr.net,ukraine,+380 67 07 80 68 6,2022-01-07
10269,Krzysztof Kowalczyk,krzysztof.kowalczyk@yahoo.com,Ukraine,00380956896270,02-01-2026
10270,Agnieszka Meyer,agnieszka.meyer1422@gmail.com,poland,48797883619,24.01.2025
10271,Ivan Wagner,ivan.wagner@outlook.com,US,2029743953,01-05-2022
10272,Oliver Nowak,olivernowak@hotmail.com,US,51 24 32 83 09,02-17-2023
10273,Amelia Walker,ameliawalker@yahoo.com,Ukraine ,00380506588043,18.02.2023
10274,John Szymanski,jszymanski@icloud.com,UA,00380674054115,02/11/2025
10275,  Oksana Nowak  ,onowak@proton.me,Ukraine,380992606888,01-06-2026
10276,Petro Shevchuk,pshevchuk@ukr.net,poland,+48695698169,10-14-2021
10277,Krzysztof Tkachenko,krzysztof.tkachenko1469@proton.me,UK,+44.77.00.67.23.84,01.04.2023
10278,Laura Anderson,lauraanderson1380@hotmail.com,,+12121952436,30/11/2022
10279,  Isla Taylor  ,islataylor@icloud.com,PL,+48.88.97.99.55.2,02-19-2025
10280,emily hall,ehall@yahoo.com,PL,(792) 665-702,01-15-2026
10281,Robert Evans,robertevans1225@outlook.com,ukraine,380668157981,11-21-2024
10282,Marcin Kravchenko,mkravchenko1412@hotmail.com,poland,,04/11/2021
10283,Jack Kaminski,jkaminski1390@proton.me,ukraine,00380732086567,08-10-2021
10284,Katarzyna Evans,katarzyna.evans@hotmail.com,ukraine,0680278681,2025-12-29
10285,Robert Hoffmann,rhoffmann@ukr.net,US,0017024300981,10-01-2025
10286,  Mykola Lewandowski  ,mykolalewandowski@ukr.net,US,+1-512-597-794-5,2022-04-23
10287,Paul Schulz,paulschulz@yahoo.com,ukraine,06 82 40 65 96,05-17-2026
10288,Emily Meyer,emily.meyer@hotmail.com,PL,,2026-04-20
10289,Andriy Nowak,anowak@yahoo.com,US,(305) 175-2500,24.10.2025
10290,Tomasz Fischer,tomasz.fischer@yahoo.com,USA,41 50 46 87 50,09-10-2024
10291,Laura Bondarenko,laurabondarenko1266@proton.me,Ukraine,,15.01.2024
10292,Laura Kovalenko,lkovalenko@outlook.com,Poland,0048502259999,2024-06-01
10293,Agnieszka Jones,ajones1461@ukr.net,DE,+49 15 75 70 39 65,12-18-2022
10294,Laura Kravchenko,laurakravchenko@ukr.net,United Kingdom,07 91 11 13 86 3,26/02/2026
10295,paul zielinski,,UA,0685336884,22/05/2026
10296,Anna Evans,annaevans@proton.me,Deutschland,00491523290227,2024-11-11
10297,Pawel Hughes,pawel.hughes@proton.me,United States of America,4157645208,03/03/2021
10298,Anna Shevchenko,,Deutschland,+49 17 14 51 05 26,22/10/2023
10299,Marcin Johnson,marcinjohnson@icloud.com,USA,(512) 987-7694,24/08/2024
10300,George Davis,gdavis1406@gmail.com,Ukraine,+380958725686 ext. 821,02.02.2021
10301,MIA EVANS,,US,(617) 441-4967,2025-08-12
10302,Hans Wisniewski,hwisniewski@icloud.com,Ukraine ,00380930431038,06-25-2022
10303,Dmytro Kovalchuk,dmytrokovalchuk@yahoo.com,germany,00491512169797,2021-07-08
10304,Mykola Davis,mdavis@outlook.com,Ukraine ,+380.66.38.38.06.5,2024-02-25
10305,Olga Schmidt,olga.schmidt1269@ukr.net,Poland,51 37 99 56 3,14.04.2026
10306,Amelia Smith,amelia.smith@proton.me,Ukraine ,+380990156193 ext. 508,2022-03-03
10307,  Agnieszka Roberts  ,aroberts@yahoo.com,Deutschland,+491717293417 ext. 170,12-05-2023
10308,Olivia Kowalczyk,oliviakowalczyk1393@yahoo.com,GB,380737501111,07/05/2024
10309,Oliver Schneider,oliver.schneider@hotmail.com,Ukraine ,+380632024286,08/08/2022
10310,Jack White,jwhite@outlook.com,UA,+380.99.75.84.28.2,11.06.2024
10311,Laura Hoffmann,laurahoffmann@icloud.com,UA,380992329832,30/04/2022
10312,Piotr Evans,piotr.evans1112@ukr.net,UA,+380.96.38.28.25.8,16.01.2026
10313,Agnieszka Kaminski,akaminski@outlook.com,US,0015125504892,30/06/2022
10314,Felix Hall,fhall1253@yahoo.com,Ukraine ,+380958795654,04-22-2021
10315,Andriy Kowalczyk,,Germany,01576551104,01-17-2022
10316,  John Miller  ,john.miller@ukr.net,Ukraine ,+380-504-025-472,20/07/2024
10317,Sarah Smith,sarah.smith1458@ukr.net,United States,+1.61.74.94.01.28,22.02.2021
10318,Julia Zielinski,jzielinski@ukr.net,Ukraine ,+380.67.81.08.18.6,2025-05-29
10319,Laura Wilson,laura.wilson@ukr.net,ukraine,0937018510,03.03.2026
10320,Olga Wojcik,olga.wojcik@icloud.com,Ukraine,+380 97 57 33 22 1,10.11.2022
10321,Julia Wisniewski,juliawisniewski@ukr.net,DE,(160) 103-0324,13/04/2025
10322,PAUL EVANS,paulevans@yahoo.com,UA,+380-955-987-622,2026-04-23
10323,Jessica Wojcik,jessicawojcik@outlook.com,poland,0048781072563,2021-07-06
10324,Dmytro Bondarenko,dmytrobondarenko1395@gmail.com,UA,09 72 18 40 11,07-02-2026
10325,Ashley Edwards,,UA,+380731373678,2023-04-03
10326,Laura Kravchenko,lkravchenko1125@gmail.com,Ukraine,00380970068486,09-29-2022
10327,Emily Kaminski,ekaminski1308@yahoo.com,USA,+1-415-008-931-7,18.11.2025
10328,Marcin Muller,marcinmuller@icloud.com,UK,447400649328,19.04.2022
10329,Agnieszka Shevchuk,agnieszkashevchuk@gmail.com,poland,881411739,05-23-2026
10330,David Kowalczyk,davidkowalczyk@proton.me,Deutschland,###,08.05.2024
10331,Oksana Kovalenko,oksanakovalenko@outlook.com,Ukraine,0734171467,15/12/2023
10332,Hans Bondarenko,hans.bondarenko1092@icloud.com,UA,  ,2021-01-15
10333,Julia Hughes,jhughes@ukr.net,Ukraine ,(683) 908-088,27/05/2026
10334,  John Boyko  ,johnboyko@ukr.net,UA,+380.66.71.63.23.4,08.08.2022
10335,George Szymanski,george.szymanski@ukr.net,Ukraine,09 35 19 96 63,2024-06-19
10336,Max Kowalczyk,mkowalczyk@gmail.com,Ukraine ,+380-660-576-627,2022-09-25
10337,Grace Zielinski,gracezielinski@outlook.com,US,+12120257432,12.06.2021
10338,tomasz kovalchuk,tomasz.kovalchuk@icloud.com,United States of America,+1 51 21 05 64 81,18/04/2022
10339,Felix Green,felix.green1007@ukr.net,poland,+49 16 04 65 78 71,18/10/2021
10340,  Agnieszka Weber  ,aweber@hotmail.com,US,0014157346706,22/10/2025
10341,Sarah Schneider,sarah.schneider@outlook.com,US,0018185927125,01-19-2025
10342,Robert Zielinski,robert.zielinski@gmail.com,USA,+14151950850 доб. 486,11.04.2022
10343,Ashley Becker,ashley.becker@proton.me,UA,(970) 097-925,16/03/2022
10344,tomasz johnson,tjohnson@hotmail.com,DE,+491607281793,2022-11-12
10345,Sophie Shevchenko,sshevchenko@icloud.com,DE,01528451462,2022-10-24
10346,  Agnieszka Davis  ,agnieszka.davis@ukr.net,United States,(305) 493-6312,12/02/2024
10347,Oksana Roberts,oksana.roberts@proton.me,Ukraine,no phone,04/06/2023
10348,  Julia Moroz  ,julia.moroz@icloud.com,Poland,(782) 324-407,03.09.2026
10349,Ashley Oliynyk,ashley.oliynyk1121@ukr.net,UK,+49 17 01 52 06 43,26/09/2025
10350,Agnieszka Wisniewski,awisniewski@hotmail.com,UA,380996851276,2022-02-11
10351,John Wisniewski,john.wisniewski@hotmail.com,Germany,+491769270335 / +380931103924,26.11.2023
10352,Anna Jones,anna.jones@icloud.com,USA,+16175543987,10.04.2022
10353,Pawel Smith,,USA,+1 61 72 28 72 80,2025-03-09
10354,Julia Weber,julia.weber@gmail.com,Ukraine ,(930) 868-034,01.11.2023
10355,Mia Thomas,mthomas@yahoo.com,Poland,+48 53 57 99 13 6,2021-06-09
10356,Oliver Davis,oliver.davis@icloud.com,poland,+48505097592,2025-06-22
10357,Sarah Edwards,sarahedwards@gmail.com,US,+1.70.27.42.66.29,06-24-2021
10358,Hans Thomas,hthomas@proton.me,UA,+380 93 79 90 77 2,12.03.2022
10359,Kateryna Evans,kateryna.evans1059@icloud.com,United States of America,+12129986798,2024-11-07
10360,Pawel Anderson,pawelanderson@ukr.net,ukraine,00380738414593,2025-09-17
10361,Michael Kovalenko,michaelkovalenko@outlook.com,Ukraine ,+380951863759,2025-12-31
10362,James Brown,jbrown@icloud.com,USA,+17021434103,14/10/2022
10363,Hans Wilson,hans.wilson@yahoo.com,Ukraine ,+380 68 63 92 82 3,13/01/2023
10364,Julia Davis,jdavis@yahoo.com,Germany,+447500579786,11-30-2021
10365,Paul Kovalchuk,paulkovalchuk@yahoo.com,United States,call me,2025-08-27
10366,Oliver Davis,oliverdavis@icloud.com,United States,18183179128,05.01.2024
10367,Mia Evans,mia.evans@ukr.net,poland,+48880277038,12-22-2021
10368,David Green,dgreen@gmail.com,PL,+48-508-678-085,08-25-2024
10369,Thomas Kaminski,thomas.kaminski@ukr.net,Ukraine ,+380 73 07 87 01 0,06/08/2021
10370,Pawel Smith,pawel.smith@icloud.com,Ukraine ,+380 50 99 28 16 1,27/10/2024
10371,Krzysztof Wozniak,kwozniak@gmail.com,UA,380986283143,27.03.2022
10372,Oksana Garcia,oksana.garcia1009@ukr.net,ukraine,+380 99 72 62 47 3,27/08/2023
10373,Magdalena Wozniak,magdalenawozniak@ukr.net,USA,N/A,27/12/2025
10374,Mykola Tkachenko,mykola.tkachenko1349@proton.me,UK,00447800512070,13.02.2021
10375,Isla Kaminski,,Ukraine ,380666938011,2026-09-05
10376,James Schneider,jamesschneider1311@ukr.net,Deutschland,491706528092,30/06/2021
10377,Emily Wisniewski,emilywisniewski@gmail.com,UA,09 75 52 51 05,02-26-2022
10378,mia taylor,mia.taylor@ukr.net,germany,,02/09/2022
10379,George Meyer,george.meyer1013@hotmail.com,Ukraine ,(731) 241-182,2024-02-08
10380,Anna Brown,abrown@ukr.net,UA,+380 98 54 94 80 8,01-17-2022
10381,Agnieszka Schmidt,aschmidt1010@ukr.net,poland,48720260647,25.07.2021
10382,Petro Davis,petrodavis@icloud.com,Ukraine ,0982797881,10-11-2023
10383,Piotr Wojcik,piotr.wojcik1155@gmail.com,Ukraine,no phone,04.08.2025
10384,Anna Kovalchuk,anna.kovalchuk@ukr.net,Ukraine ,+380.73.01.60.16.6,23/03/2026
10385,Petro Edwards,pedwards1220@outlook.com,USA,(702) 105-5661,24/06/2023
10386,Felix Wilson,felixwilson@ukr.net,England,+447500450882 ext. 596,07/08/2022
10387,Laura Wilson,laurawilson@gmail.com,Deutschland,01 57 68 31 58 9,2026-01-02
10388,Anna Wilson,anna.wilson@hotmail.com,ukraine,00380507905072,06-23-2023
10389,Harry Johnson,harryjohnson1259@outlook.com,Ukraine,0951746542,02.04.2023
10390,Anna Oliynyk,anna.oliynyk@ukr.net,Ukraine,,10/06/2026
10391,Hans Kaminski,hanskaminski1405@hotmail.com,Germany,05 06 28 41 77,27.03.2023
10392,Emily Davis,emilydavis@yahoo.com,Germany,N/A,2021-12-14
10393,Mia Edwards,miaedwards1021@yahoo.com,United States of America,7028727743,21/07/2022
10394,piotr williams,piotr.williams1370@icloud.com,germany,123,17/08/2024
10395,Charlotte Walker,cwalker1138@outlook.com,Ukraine,+380639293784,12-28-2022
10396,James Brown,jbrown@icloud.com,USA,+1.70.21.43.41.03,2025-10-25
10397,Mykola Walker,mykolawalker@outlook.com,PL,78 47 73 32 9,10.12.2024
10398,Sarah Edwards,sarahedwards@gmail.com,US,+1-702-742-662-9,25.01.2024
10399,John Walker,jwalker@hotmail.com,ukraine,+380670504556 / +380996922219,08.02.2021
10400,Petro Muller,petro.muller@yahoo.com,ukraine,380937617075,11-21-2022
10401,Petro Boyko,petroboyko@hotmail.com,Ukraine,06 32 36 45 87,08-29-2022
10402,Grace Lewandowski,gracelewandowski1306@yahoo.com,,447700612481,30/06/2025
10403,PAUL MEYER,paul.meyer@outlook.com,ukraine,,07/05/2025
10404,emily hall,ehall@yahoo.com,PL,+48 79 26 65 70 2,05.06.2026
10405,Oksana Brown,oksanabrown1177@hotmail.com,PL,call me,11.03.2021
10406,Mia Nowak,mianowak@icloud.com,Deutschland,(152) 484-6564,05-29-2024
10407,Felix Wilson,felixwilson@ukr.net,England,447500450882,2023-02-27
10408,  Oksana Boyko  ,oboyko@ukr.net,UA,0678353544,05-11-2024
10409,George Tkachenko,georgetkachenko@proton.me,Ukraine ,1234567890,2025-08-22
10410,Iryna Oliynyk,iryna.oliynyk1288@outlook.com,Ukraine,,22/04/2023
10411,Charlotte Smith,charlottesmith@proton.me,ukraine,+380-678-613-171,21/04/2025
10412,Laura Muller,lmuller@ukr.net,United Kingdom,+44 74 00 28 47 81,08-05-2021
10413,Katarzyna Wilson,kwilson@yahoo.com,Ukraine,+380.63.29.75.00.1,21/05/2024
10414,Ivan Wagner,ivanwagner1031@proton.me,ukraine,00380957520471,01/09/2025
10415,Agnieszka Roberts,aroberts@yahoo.com,Ukraine ,00380635200461,29.08.2026
10416,Harry Kowalski,hkowalski@gmail.com,USA,2125668633,2025-04-07
10417,  Oksana Miller  ,oksana.miller@icloud.com,Germany,+491601637351,08.11.2025
10418,Iryna Oliynyk,iryna.oliynyk@icloud.com,UA,(993) 381-674,11-24-2021
10419,  Oliver Hoffmann  ,ohoffmann1418@outlook.com,UA,+380.67.18.51.32.7,2021-07-02
10420,Olivia White,oliviawhite@outlook.com,Ukraine,+380-989-297-517,06-29-2023
10421,David Kravchenko,davidkravchenko@proton.me,ukraine,380639650477,12-03-2021
10422,Ashley Taylor,ashleytaylor1071@outlook.com,,+447400165820 / +380637021355,12.02.2025
10423,Sarah Hughes,shughes1030@outlook.com,Poland,888941343,2026-07-04
10424,Pawel Evans,pawelevans@yahoo.com,Ukraine ,+380967742333,2021-08-19
10425,Laura Wagner,lwagner1171@outlook.com,United Kingdom,,23/04/2024
10426,Oliver Shevchenko,oliver.shevchenko@icloud.com,germany,+49.15.27.65.91.80,06/03/2021
10427,Sarah Nowak,sarahnowak@yahoo.com,Ukraine,+380-933-568-044,2022-05-13
10428,Julia Schulz,jschulz@outlook.com,Deutschland,+49 17 00 53 91 03,2021-06-16
10429,Oliver White,owhite1173@outlook.com,DE,+49 17 19 89 33 47,2023-11-11
10430,David Williams,david.williams@proton.me,United States,+1 81 85 43 30 36,01-02-2023
10431,sarah roberts,sarah.roberts@proton.me,United States of America,+380-685-869-232,08.06.2021
10432,Pawel Muller,,Ukraine,0968519611,2025-09-24
10433,Anna Hall,annahall@yahoo.com,UK,+44 75 00 36 51 99,27/07/2021
10434,Agnieszka Oliynyk,agnieszka.oliynyk1241@hotmail.com,Poland,+48605743842 ext. 806,06-25-2024
10435,anna schneider,aschneider@yahoo.com,US,+1 61 72 94 56 37,01-24-2022
10436,Olga Wozniak,olgawozniak@outlook.com,GB,+447700969664 ext. 999,2025-06-29
10437,Oliver Becker,oliverbecker@proton.me,DE,00491603373634,18.06.2021
10438,Ewa Miller,ewamiller@yahoo.com,,+380-978-055-257,09-10-2026
10439,David Kaminski,david.kaminski@yahoo.com,germany,491709578856,29/01/2023
10440,Kateryna Anderson,kanderson1074@icloud.com,ukraine,09 37 86 69 12,17.03.2022
10441,Olga Hall,olgahall@gmail.com,ukraine,0681492164,05.05.2026
10442,Oliver Miller,olivermiller@gmail.com,United States,+1 20 29 01 00 16,11/01/2024
10443,Felix Green,felix.green1007@ukr.net,poland,+49.16.04.65.78.71,17/03/2024
10444,Anna Davis,annadavis@ukr.net,United States of America,70 24 49 48 56,31/07/2023
10445,Michael Zielinski,michael.zielinski1265@yahoo.com,Ukraine,(936) 519-825,02/12/2025
10446,Mia Nowak,mianowak@icloud.com,Deutschland,+491524846564,2023-10-23
10447,Sarah Oliynyk,soliynyk@gmail.com,US,+1 30 51 96 56 52,19/09/2026
10448,Thomas Kravchenko,thomaskravchenko@hotmail.com,,491767347784,2021-05-28
10449,Hans Thomas,hthomas@proton.me,UA,00380937990772,2024-09-25
10450,Paul Schneider,pschneider@proton.me,United States of America,3051465840,12/02/2023
10451,Harry Schulz,harryschulz1147@outlook.com,Poland,+48 72 16 22 99 9,2026-04-22
10452,Oksana Kaminski,okaminski@icloud.com,Ukraine,+380508523986,28/07/2024
10453,GEORGE BOYKO,george.boyko@ukr.net,poland,1234567890,2026-07-19
10454,Mykola Wisniewski,mwisniewski@yahoo.com,Deutschland,01707768634,10-02-2025
10455,Mykola Walker,mykolawalker@outlook.com,PL,+48.78.47.73.32.9,18/08/2024
10456,Felix Weber,felix.weber1183@proton.me,,+48 53 56 39 42 7,15/10/2022
10457,anna kaminski,annakaminski@ukr.net,England,(791) 107-8263,09.02.2023
10458,Mia Miller,mmiller@yahoo.com,ukraine,(983) 479-552,2023-07-26
10459,Grace Schneider,grace.schneider@outlook.com,ukraine,+380673075622,04/08/2021
10460,George Becker,georgebecker@icloud.com,ukraine,?,2025-12-24
10461,Emily Davis,emily.davis@ukr.net,United States,0639606530,12-20-2025
10462,Emily Zielinski,emily.zielinski@ukr.net,PL,882624945,08-24-2022
10463,Pawel Schulz,pawelschulz@yahoo.com,UA,+380 73 49 91 25 1,11/12/2022
10464,Lukas Fischer,lukas.fischer@icloud.com,Ukraine,+380991219136 ext. 602,24.12.2023
10465,Lukas Hall,lukashall@outlook.com,England,07 50 09 22 16 9,01/07/2022
10466,  Mia Wojcik  ,mwojcik1276@yahoo.com,USA,+1 21 23 71 16 24,03/09/2025
10467,Oliver Anderson,oliveranderson1307@icloud.com,ukraine,06 81 23 82 96,08-25-2025
10468,Krzysztof White,krzysztof.white1026@hotmail.com,Ukraine ,00380633149190,27/02/2026
10469,Max Davis,maxdavis1118@ukr.net,United Kingdom,+44-791-112-604-2,24.08.2025
10470,Julia Bondarenko,julia.bondarenko1255@outlook.com,UA,+380-682-927-663,05-05-2026
10471,lukas evans,lukasevans@ukr.net,ukraine,0977788925,05-03-2025
10472,Kateryna Oliynyk,koliynyk@proton.me,United States,12126152809,07-03-2024
10473,Magdalena Wisniewski,magdalenawisniewski@icloud.com,poland,,10-09-2024
10474,Grace Moroz,grace.moroz@proton.me,Poland,507903202,2023-06-23
10475,Jack Taylor,jtaylor@outlook.com,GB,447500967275,07-24-2025
10476,  Krzysztof Schneider  ,krzysztofschneider@proton.me,Ukraine,+380-661-530-515,2021-11-21
10477,Hans Miller,hansmiller1040@ukr.net,Ukraine,+380936158657,16.02.2022
10478,Sophie Edwards,sophieedwards@proton.me,UA,+380.50.71.64.79.4,22.02.2021
10479,Mykola Nowak,mykolanowak1036@yahoo.com,ukraine,06 86 80 87 60,29/04/2021
10480,Katarzyna Schulz,,Ukraine ,+380666395517,14.08.2024
10481,Harry Smith,harry.smith@gmail.com,Ukraine,+380996589026,24.04.2025
10482,John Evans,john.evans@ukr.net,Poland,+48 72 97 49 95 6,18.09.2023
10483,Ewa Szymanski,eszymanski@proton.me,UK,07400049082,2022-09-26
10484,Mia Edwards,medwards1224@outlook.com,GB,no phone,2022-03-18
10485,  Dmytro Wozniak  ,dwozniak1034@proton.me,Deutschland,,2024-01-09
10486,Laura Boyko,lboyko@ukr.net,Ukraine ,(678) 255-598,20/02/2023
10487,Julia Davis,juliadavis@hotmail.com,United States,123,15.12.2024
10488,George Edwards,gedwards@yahoo.com,,0016170272751,2022-02-04
10489,Katarzyna Roberts,katarzyna.roberts1286@yahoo.com,United States of America,+15125189520 доб. 391,12.04.2022
10490,Oksana Anderson,oanderson@proton.me,United States,+16177758474,26/03/2021
10491,Olga Brown,olgabrown@hotmail.com,Ukraine ,+380-664-214-764,05.01.2022
10492,Isla Anderson,ianderson@icloud.com,,+48 51 29 14 28 3,05-31-2021
10493,Emily Jones,emilyjones1180@hotmail.com,germany,+49 17 03 12 90 87,02-14-2022
10494,Hans Hughes,hans.hughes@outlook.com,UK,00447911366742,20.12.2024
10495,Andriy Hall,,USA,+13053076810,05-10-2023
10496,Iryna Boyko,iryna.boyko@yahoo.com,Ukraine,(505) 247-286,2021-08-10
10497,Amelia Shevchuk,amelia.shevchuk1292@proton.me,Ukraine,+380-991-126-691,02-15-2024
10498,Magdalena Shevchenko,magdalenashevchenko1106@hotmail.com,Ukraine ,0661839826,08.10.2023
10499,Krzysztof Schulz,krzysztof.schulz@yahoo.com,ukraine,00380662891775,2024-10-06
10500,Michael Hughes,michael.hughes1097@icloud.com,ukraine,00380953936385,04/08/2024
