row_id,email,first_name,last_name,city,signup_date
1,brian.torres567@proton.me,Brian,Torres,Philadelphia,2024-05-21
2,joseph.gonzalez795@proton.me,Joseph,Gonzalez,San Antonio,2024-07-11
3,kevin.thomas578@yahoo.com,Kevin,Thomas,San Diego,2023-06-09
4,ashley.jackson724@yahoo.com,Ashley,Jackson,Los Angeles,2024-04-29
5,sarah.thomas588@outlook.com,Sarah,Thomas,San Diego,2024-09-07
6,ashley.clark109@mail.com,Ashley,Clark,Philadelphia,2024-07-30
7,susan.torres456@yahoo.com,Susan,Torres,Miami,2024-01-13
8,barbara.nguyen516@yahoo.com,Barbara,Nguyen,Austin,2022-03-30
9,ashley.white817@outlook.com,Ashley,White,Philadelphia,2023-07-27
10,carol.sanchez659@gmail.com,Carol,Sanchez,New York,2024-09-07
11,richard.jackson853@outlook.com,Richard,Jackson,Boston,2023-04-17
12,michelle.hill717@mail.com,Michelle,Hill,Phoenix,2024-10-21
13,karen.robinson782@yahoo.com,Karen,Robinson,San Diego,2024-11-28
14,brian.garcia187@mail.com,Brian,Garcia,Houston,2023-12-28
15,daniel.davis96@mail.com,Daniel,Davis,Los Angeles,2024-02-03
16,sarah.smith117@outlook.com,Sarah,Smith,San Diego,2022-08-16
17,betty.scott501@proton.me,Betty,Scott,Boston,2023-05-08
18,david.wright593@gmail.com,David,Wright,Atlanta,2023-10-01
19,linda.harris522@outlook.com,Linda,Harris,San Antonio,2024-09-15
20,kevin.martin992@outlook.com,Kevin,Martin,Austin,2023-10-02
21,george.lee335@mail.com,George,Lee,Chicago,2023-02-16
22,richard.sanchez186@proton.me,Richard,Sanchez,San Antonio,2024-10-04
23,patricia.hernandez873@proton.me,Patricia,Hernandez,San Antonio,2023-10-11
24,mary.williams197@yahoo.com,Mary,Williams,Denver,2024-09-18
25,kevin.moore465@proton.me,Kevin,Moore,Austin,2024-05-31
26,carol.ramirez130@outlook.com,Carol,Ramirez,New York,2022-04-22
27,emily.martinez584@proton.me,Emily,Martinez,Seattle,2024-02-16
28,michael.wright437@proton.me,Michael,Wright,San Diego,2022-11-22
29,sarah.robinson384@yahoo.com,Sarah,Robinson,Seattle,2024-08-29
30,jessica.scott399@proton.me,Jessica,Scott,Denver,2022-02-10
31,thomas.scott770@yahoo.com,Thomas,Scott,Miami,2023-07-22
32,amanda.allen745@proton.me,Amanda,Allen,Phoenix,2024-07-27
33,daniel.wilson824@gmail.com,Daniel,Wilson,San Diego,2022-06-04
34,elizabeth.thomas317@mail.com,Elizabeth,Thomas,New York,2024-01-18
35,george.hernandez711@outlook.com,George,Hernandez,Atlanta,2022-03-01
36,david.robinson773@proton.me,David,Robinson,New York,2022-06-17
37,thomas.hernandez664@yahoo.com,Thomas,Hernandez,San Diego,2023-08-21
38,patricia.hernandez873@proton.me,Patricia,Hernandez,San Antonio,2023-10-11
39,patricia.garcia762@mail.com,Patricia,Garcia,San Diego,2023-06-15
40,david.lopez187@gmail.com,David,Lopez,Phoenix,2024-02-16
41,george.allen419@outlook.com,George,Allen,Philadelphia,2022-08-03
42,steven.scott806@proton.me,Steven,Scott,Houston,2022-05-21
43,emily.johnson87@gmail.com,Emily,Johnson,Chicago,2022-11-19
44,lisa.nguyen484@yahoo.com,Lisa,Nguyen,San Diego,2022-10-24
45,charles.allen641@mail.com,Charles,Allen,Boston,2022-04-16
46,robert.martinez636@outlook.com,Robert,Martinez,Seattle,2022-10-08
47,emily.walker125@gmail.com,Emily,Walker,Seattle,2023-05-06
48,kevin.smith711@mail.com,Kevin,Smith,Phoenix,2024-03-31
49,michael.brown644@gmail.com,Michael,Brown,Atlanta,2022-03-22
50,anthony.moore488@mail.com,Anthony,Moore,Boston,2024-01-12
51,michael.harris603@outlook.com,Michael,Harris,New York,2022-12-23
52,patricia.thomas818@yahoo.com,Patricia,Thomas,Los Angeles,2022-02-22
53,george.wilson155@yahoo.com,George,Wilson,San Antonio,2022-11-09
54,amanda.torres119@gmail.com,Amanda,Torres,Houston,2022-10-05
55,karen.allen150@yahoo.com,Karen,Allen,Dallas,2024-04-23
56,patricia.davis827@mail.com,Patricia,Davis,Miami,2022-02-23
57,karen.thomas915@proton.me,Karen,Thomas,Los Angeles,2022-10-11
58,joseph.smith590@mail.com,Joseph,Smith,San Antonio,2023-02-11
59,donna.smith468@outlook.com,Donna,Smith,Houston,2024-02-27
60,mark.harris88@yahoo.com,Mark,Harris,Denver,2024-04-12
61,carol.scott321@mail.com,Carol,Scott,Philadelphia,2023-06-07
62,sandra.jones13@mail.com,Sandra,Jones,Miami,2024-09-30
63,sarah.jackson785@proton.me,Sarah,Jackson,San Diego,2023-05-05
64,richard.miller763@mail.com,Richard,Miller,Denver,2024-02-20
65,joseph.williams411@mail.com,Joseph,Williams,Los Angeles,2022-04-20
66,andrew.hill259@gmail.com,Andrew,Hill,San Diego,2022-02-09
67,nancy.johnson130@proton.me,Nancy,Johnson,Austin,2023-11-11
68,robert.allen902@proton.me,Robert,Allen,Denver,2023-07-20
69,mark.thomas832@yahoo.com,Mark,Thomas,Dallas,2022-05-03
70,barbara.flores91@outlook.com,Barbara,Flores,Phoenix,2023-10-25
71,brian.king784@outlook.com,Brian,King,Austin,2022-03-24
72,david.robinson313@proton.me,David,Robinson,Austin,2022-05-04
73,thomas.williams227@mail.com,Thomas,Williams,Denver,2023-05-14
74,mark.robinson633@gmail.com,Mark,Robinson,Houston,2023-08-12
75,matthew.hill715@yahoo.com,Matthew,Hill,Austin,2024-02-24
76,susan.brown331@yahoo.com,Susan,Brown,Miami,2022-06-27
77,patricia.davis827@mail.com,Patricia,Davis,Miami,2022-02-23
78,patricia.hernandez280@yahoo.com,Patricia,Hernandez,Miami,2024-11-15
79,donna.robinson759@gmail.com,Donna,Robinson,Los Angeles,2024-12-22
80,patricia.brown544@proton.me,Patricia,Brown,Atlanta,2023-07-13
81,michael.hill612@outlook.com,Michael,Hill,Los Angeles,2023-02-02
82,nancy.rodriguez860@gmail.com,Nancy,Rodriguez,Austin,2022-11-09
83,joseph.lopez708@mail.com,Joseph,Lopez,Seattle,2024-10-02
84,patricia.hernandez873@proton.me,Patricia,Hernandez,San Antonio,2023-10-11
85,thomas.allen156@yahoo.com,Thomas,Allen,Boston,2023-09-15
86,nancy.flores947@outlook.com,Nancy,Flores,Boston,2023-02-10
87,nancy.davis245@yahoo.com,Nancy,Davis,San Diego,2022-08-23
88,jessica.davis424@outlook.com,Jessica,Davis,Miami,2024-07-17
89,james.davis765@yahoo.com,James,Davis,Miami,2022-05-23
90,ashley.white817@outlook.com,Ashley,White,Philadelphia,2023-07-27
91,mary.scott241@outlook.com,Mary,Scott,Philadelphia,2023-10-17
92,betty.scott501@proton.me,Betty,Scott,Boston,2023-05-08
93,jessica.moore103@proton.me,Jessica,Moore,Atlanta,2024-07-24
94,joseph.miller27@gmail.com,Joseph,Miller,Houston,2022-02-12
95,john.perez706@proton.me,John,Perez,San Diego,2023-08-20
96,lisa.lewis240@mail.com,Lisa,Lewis,New York,2023-10-14
97,paul.nguyen938@proton.me,Paul,Nguyen,Houston,2022-05-10
98,ashley.rodriguez209@outlook.com,Ashley,Rodriguez,Dallas,2022-09-26
99,james.robinson843@outlook.com,James,Robinson,Los Angeles,2023-04-24
100,jessica.jones259@mail.com,Jessica,Jones,Los Angeles,2022-05-14
101,emily.sanchez81@proton.me,Emily,Sanchez,Miami,2024-02-23
102,richard.jones991@proton.me,Richard,Jones,Philadelphia,2022-07-04
103,robert.moore834@proton.me,Robert,Moore,New York,2024-07-20
104,joseph.miller27@gmail.com,Joseph,Miller,Houston,2022-02-12
105,barbara.jones396@yahoo.com,Barbara,Jones,San Diego,2022-03-17
106,donna.wright354@outlook.com,Donna,Wright,Dallas,2024-02-12
107,charles.flores284@proton.me,Charles,Flores,Boston,2024-12-10
108,carol.wright526@proton.me,Carol,Wright,Los Angeles,2024-07-14
109,daniel.ramirez993@gmail.com,Daniel,Ramirez,San Diego,2023-12-14
110,steven.thomas304@yahoo.com,Steven,Thomas,Philadelphia,2023-01-03
111,michael.thompson862@gmail.com,Michael,Thompson,San Diego,2022-08-29
112,brian.martin779@gmail.com,Brian,Martin,San Diego,2022-12-07
113,sandra.lopez878@proton.me,Sandra,Lopez,San Antonio,2024-09-03
114,david.taylor118@outlook.com,David,Taylor,Austin,2023-04-09
115,andrew.walker280@outlook.com,Andrew,Walker,Atlanta,2023-11-27
116,susan.torres279@mail.com,Susan,Torres,Seattle,2024-05-18
117,jessica.scott399@proton.me,Jessica,Scott,Denver,2022-02-10
118,karen.anderson992@gmail.com,Karen,Anderson,Miami,2024-07-20
119,thomas.rodriguez503@mail.com,Thomas,Rodriguez,Los Angeles,2022-06-15
120,jessica.walker773@gmail.com,Jessica,Walker,Houston,2023-02-13
121,linda.harris522@outlook.com,Linda,Harris,San Antonio,2024-09-15
122,anthony.hill764@proton.me,Anthony,Hill,Philadelphia,2023-12-22
123,david.robinson313@proton.me,David,Robinson,Austin,2022-05-04
124,sandra.smith218@yahoo.com,Sandra,Smith,Seattle,2024-09-14
125,patricia.miller725@yahoo.com,Patricia,Miller,San Antonio,2022-12-27
126,richard.white230@gmail.com,Richard,White,Boston,2022-03-24
127,barbara.perez810@mail.com,Barbara,Perez,New York,2023-06-26
128,emily.taylor477@mail.com,Emily,Taylor,Miami,2023-07-04
129,david.ramirez891@gmail.com,David,Ramirez,Miami,2024-06-20
130,linda.taylor887@yahoo.com,Linda,Taylor,San Diego,2024-09-18
131,ashley.thompson282@mail.com,Ashley,Thompson,Los Angeles,2023-08-09
132,karen.miller436@gmail.com,Karen,Miller,Dallas,2023-04-06
133,david.lewis858@proton.me,David,Lewis,Austin,2024-09-29
134,sandra.moore879@yahoo.com,Sandra,Moore,Philadelphia,2024-04-23
135,jessica.taylor102@outlook.com,Jessica,Taylor,Dallas,2024-01-05
136,daniel.brown933@proton.me,Daniel,Brown,Denver,2024-10-14
137,steven.clark786@outlook.com,Steven,Clark,Chicago,2022-08-23
138,emily.johnson550@gmail.com,Emily,Johnson,San Diego,2024-01-25
139,robert.thomas450@gmail.com,Robert,Thomas,San Diego,2023-09-15
140,elizabeth.white347@proton.me,Elizabeth,White,Denver,2024-03-25
141,betty.thomas136@proton.me,Betty,Thomas,Atlanta,2024-01-20
142,jessica.miller797@yahoo.com,Jessica,Miller,Phoenix,2022-08-10
143,john.anderson753@outlook.com,John,Anderson,Austin,2023-05-28
144,robert.wright880@yahoo.com,Robert,Wright,Chicago,2023-05-29
145,george.gonzalez34@yahoo.com,George,Gonzalez,Phoenix,2023-08-03
146,daniel.wilson824@gmail.com,Daniel,Wilson,San Diego,2022-06-04
147,emily.wilson607@proton.me,Emily,Wilson,Seattle,2022-02-25
148,nancy.moore483@gmail.com,Nancy,Moore,Austin,2023-11-03
149,michelle.martinez459@gmail.com,Michelle,Martinez,Los Angeles,2023-08-26
150,richard.martinez258@yahoo.com,Richard,Martinez,Los Angeles,2023-01-30
151,amanda.king409@mail.com,Amanda,King,Denver,2022-07-14
152,linda.torres671@gmail.com,Linda,Torres,Miami,2024-09-29
153,sandra.wilson77@mail.com,Sandra,Wilson,Boston,2023-06-27
154,anthony.smith346@mail.com,Anthony,Smith,Phoenix,2024-05-13
155,mark.flores625@gmail.com,Mark,Flores,Boston,2023-03-02
156,linda.johnson498@gmail.com,Linda,Johnson,San Antonio,2023-11-20
157,emily.garcia641@yahoo.com,Emily,Garcia,Phoenix,2022-06-16
158,sarah.hernandez7@outlook.com,Sarah,Hernandez,Phoenix,2024-03-09
159,karen.allen150@yahoo.com,Karen,Allen,Dallas,2024-04-23
160,patricia.hernandez280@yahoo.com,Patricia,Hernandez,Miami,2024-11-15
161,lisa.jackson668@mail.com,Lisa,Jackson,Atlanta,2023-07-24
162,elizabeth.thomas317@mail.com,Elizabeth,Thomas,New York,2024-01-18
163,jessica.gonzalez567@outlook.com,Jessica,Gonzalez,Denver,2022-09-16
164,linda.white170@outlook.com,Linda,White,Austin,2023-08-15
165,daniel.lewis664@yahoo.com,Daniel,Lewis,Atlanta,2023-06-29
166,patricia.lee622@outlook.com,Patricia,Lee,Houston,2023-01-25
167,kevin.williams635@yahoo.com,Kevin,Williams,San Diego,2022-10-21
168,brian.gonzalez467@outlook.com,Brian,Gonzalez,Miami,2023-01-22
169,matthew.hill715@yahoo.com,Matthew,Hill,Austin,2024-02-24
170,matthew.scott48@outlook.com,Matthew,Scott,Boston,2022-04-25
171,mary.garcia69@gmail.com,Mary,Garcia,Miami,2022-06-24
172,kevin.rodriguez720@mail.com,Kevin,Rodriguez,Phoenix,2023-09-20
173,charles.ramirez665@mail.com,Charles,Ramirez,Los Angeles,2022-10-14
174,daniel.sanchez350@yahoo.com,Daniel,Sanchez,Philadelphia,2023-10-01
175,donna.hill63@mail.com,Donna,Hill,Phoenix,2023-01-24
176,mark.johnson631@mail.com,Mark,Johnson,Phoenix,2022-03-09
177,michelle.hill717@mail.com,Michelle,Hill,Phoenix,2024-10-21
178,paul.scott570@gmail.com,Paul,Scott,Dallas,2023-01-27
179,david.taylor498@proton.me,David,Taylor,San Diego,2024-04-28
180,susan.sanchez47@gmail.com,Susan,Sanchez,Phoenix,2024-10-05
181,sarah.jones500@yahoo.com,Sarah,Jones,Phoenix,2024-06-11
182,paul.wilson130@outlook.com,Paul,Wilson,Austin,2023-10-28
183,robert.brown283@mail.com,Robert,Brown,Philadelphia,2024-11-05
184,karen.sanchez566@mail.com,Karen,Sanchez,Los Angeles,2023-04-06
185,carol.walker221@mail.com,Carol,Walker,San Antonio,2024-07-18
186,sandra.scott441@mail.com,Sandra,Scott,Atlanta,2023-04-13
187,lisa.torres286@mail.com,Lisa,Torres,Houston,2024-08-09
188,mark.johnson631@mail.com,Mark,Johnson,Phoenix,2022-03-09
189,joseph.jones642@mail.com,Joseph,Jones,Miami,2022-03-15
190,daniel.taylor833@yahoo.com,Daniel,Taylor,Philadelphia,2022-10-30
191,joseph.smith590@mail.com,Joseph,Smith,San Antonio,2023-02-11
192,ashley.wright651@mail.com,Ashley,Wright,Atlanta,2023-09-11
193,jennifer.thomas16@yahoo.com,Jennifer,Thomas,San Antonio,2022-11-13
194,james.martin601@proton.me,James,Martin,Dallas,2023-11-07
195,linda.torres671@gmail.com,Linda,Torres,Miami,2024-09-29
196,richard.wright553@mail.com,Richard,Wright,San Diego,2022-06-14
197,linda.miller135@gmail.com,Linda,Miller,Philadelphia,2023-05-03
198,sarah.smith301@outlook.com,Sarah,Smith,Philadelphia,2024-06-01
199,william.thompson238@mail.com,William,Thompson,Seattle,2023-06-05
200,patricia.scott336@yahoo.com,Patricia,Scott,San Diego,2023-11-01
201,robert.harris391@proton.me,Robert,Harris,Philadelphia,2023-08-29
202,john.walker624@outlook.com,John,Walker,New York,2023-01-05
203,jennifer.young654@mail.com,Jennifer,Young,Los Angeles,2022-01-26
204,jennifer.nguyen847@yahoo.com,Jennifer,Nguyen,Los Angeles,2022-05-03
205,jennifer.scott272@gmail.com,Jennifer,Scott,Chicago,2024-05-12
206,susan.lee752@proton.me,Susan,Lee,Seattle,2023-07-08
207,amanda.garcia371@proton.me,Amanda,Garcia,Boston,2024-10-17
208,john.smith361@gmail.com,John,Smith,Austin,2024-11-05
209,nancy.miller88@yahoo.com,Nancy,Miller,Los Angeles,2024-05-02
210,anthony.taylor861@mail.com,Anthony,Taylor,Atlanta,2022-09-19
211,david.clark274@gmail.com,David,Clark,Phoenix,2023-09-04
212,george.jones720@mail.com,George,Jones,Los Angeles,2023-04-24
213,charles.garcia874@mail.com,Charles,Garcia,Dallas,2023-03-28
214,matthew.scott48@outlook.com,Matthew,Scott,Boston,2022-04-25
215,patricia.sanchez310@gmail.com,Patricia,Sanchez,Denver,2024-12-29
216,richard.miller763@mail.com,Richard,Miller,Denver,2024-02-20
217,joseph.williams411@mail.com,Joseph,Williams,Los Angeles,2022-04-20
218,matthew.allen453@outlook.com,Matthew,Allen,Austin,2023-09-05
219,matthew.scott48@outlook.com,Matthew,Scott,Boston,2022-04-25
220,linda.thomas727@yahoo.com,Linda,Thomas,Phoenix,2022-01-29
221,william.rodriguez685@mail.com,William,Rodriguez,Denver,2022-12-05
222,william.gonzalez119@mail.com,William,Gonzalez,Miami,2024-11-19
223,sandra.williams816@proton.me,Sandra,Williams,Boston,2022-03-26
224,daniel.jones621@proton.me,Daniel,Jones,Boston,2023-04-08
225,william.taylor230@gmail.com,William,Taylor,Philadelphia,2024-01-23
226,elizabeth.wilson330@proton.me,Elizabeth,Wilson,Chicago,2022-05-15
227,sandra.thompson931@mail.com,Sandra,Thompson,Phoenix,2024-05-28
228,joseph.nguyen921@mail.com,Joseph,Nguyen,Atlanta,2023-08-13
229,james.scott655@mail.com,James,Scott,Denver,2023-05-28
230,amanda.perez874@mail.com,Amanda,Perez,Los Angeles,2023-05-01
231,matthew.ramirez895@mail.com,Matthew,Ramirez,Miami,2022-04-16
232,donna.lewis102@gmail.com,Donna,Lewis,Miami,2023-03-17
233,mark.anderson750@yahoo.com,Mark,Anderson,Los Angeles,2023-08-28
234,sandra.nguyen424@gmail.com,Sandra,Nguyen,Houston,2024-11-27
235,sarah.thomas588@outlook.com,Sarah,Thomas,San Diego,2024-09-07
236,ashley.king360@gmail.com,Ashley,King,Chicago,2022-10-21
237,jennifer.harris666@gmail.com,Jennifer,Harris,Miami,2023-11-04
238,sandra.rodriguez398@mail.com,Sandra,Rodriguez,Philadelphia,2024-05-08
239,john.martin950@outlook.com,John,Martin,San Diego,2024-09-19
240,william.allen393@yahoo.com,William,Allen,Atlanta,2024-11-06
241,robert.brown283@mail.com,Robert,Brown,Philadelphia,2024-11-05
242,amanda.jones707@outlook.com,Amanda,Jones,Houston,2024-06-27
243,patricia.garcia762@mail.com,Patricia,Garcia,San Diego,2023-06-15
244,susan.anderson638@proton.me,Susan,Anderson,New York,2024-03-17
245,andrew.taylor282@gmail.com,Andrew,Taylor,Austin,2022-04-11
246,andrew.miller580@mail.com,Andrew,Miller,Los Angeles,2022-10-18
247,anthony.young602@yahoo.com,Anthony,Young,Atlanta,2024-04-29
248,patricia.hernandez280@yahoo.com,Patricia,Hernandez,Miami,2024-11-15
249,karen.clark580@yahoo.com,Karen,Clark,Chicago,2022-12-25
250,susan.lee752@proton.me,Susan,Lee,Seattle,2023-07-08
251,lisa.williams345@gmail.com,Lisa,Williams,San Diego,2023-10-28
252,matthew.wilson324@gmail.com,Matthew,Wilson,Denver,2023-01-15
253,betty.wright105@outlook.com,Betty,Wright,Miami,2022-09-05
254,sandra.hill768@proton.me,Sandra,Hill,New York,2023-12-18
255,jessica.sanchez314@proton.me,Jessica,Sanchez,Philadelphia,2024-08-27
256,andrew.king452@outlook.com,Andrew,King,Chicago,2022-04-16
257,michael.ramirez991@outlook.com,Michael,Ramirez,Denver,2023-11-25
258,michelle.anderson851@yahoo.com,Michelle,Anderson,Phoenix,2024-09-13
259,james.taylor613@gmail.com,James,Taylor,Atlanta,2024-06-03
260,matthew.wilson324@gmail.com,Matthew,Wilson,Denver,2023-01-15
261,susan.sanchez47@gmail.com,Susan,Sanchez,Phoenix,2024-10-05
262,michael.jones161@yahoo.com,Michael,Jones,Chicago,2022-06-03
263,patricia.lee622@outlook.com,Patricia,Lee,Houston,2023-01-25
264,elizabeth.hernandez845@gmail.com,Elizabeth,Hernandez,Seattle,2024-08-04
265,elizabeth.thomas317@mail.com,Elizabeth,Thomas,New York,2024-01-18
266,kevin.gonzalez471@outlook.com,Kevin,Gonzalez,Seattle,2022-01-20
267,david.brown94@yahoo.com,David,Brown,Seattle,2022-02-13
268,charles.scott71@proton.me,Charles,Scott,Seattle,2023-11-30
269,thomas.allen156@yahoo.com,Thomas,Allen,Boston,2023-09-15
270,andrew.garcia850@proton.me,Andrew,Garcia,Houston,2023-03-19
271,charles.garcia874@mail.com,Charles,Garcia,Dallas,2023-03-28
272,linda.harris522@outlook.com,Linda,Harris,San Antonio,2024-09-15
273,paul.scott570@gmail.com,Paul,Scott,Dallas,2023-01-27
274,jessica.miller797@yahoo.com,Jessica,Miller,Phoenix,2022-08-10
275,nancy.wilson631@proton.me,Nancy,Wilson,Boston,2024-09-17
276,mark.nguyen689@outlook.com,Mark,Nguyen,Austin,2024-02-20
277,robert.moore834@proton.me,Robert,Moore,New York,2024-07-20
278,george.williams161@gmail.com,George,Williams,San Antonio,2024-07-11
279,joseph.johnson717@outlook.com,Joseph,Johnson,New York,2024-03-21
280,andrew.lopez426@gmail.com,Andrew,Lopez,Houston,2024-05-10
281,nancy.davis245@yahoo.com,Nancy,Davis,San Diego,2022-08-23
282,michelle.martinez459@gmail.com,Michelle,Martinez,Los Angeles,2023-08-26
283,jessica.nguyen233@gmail.com,Jessica,Nguyen,San Antonio,2022-07-21
284,david.white539@gmail.com,David,White,Denver,2022-05-11
285,betty.rodriguez808@proton.me,Betty,Rodriguez,New York,2023-07-22
286,elizabeth.smith868@mail.com,Elizabeth,Smith,San Antonio,2022-08-10
287,ashley.martinez694@proton.me,Ashley,Martinez,Chicago,2022-06-01
288,kevin.taylor356@proton.me,Kevin,Taylor,San Antonio,2024-01-29
289,joseph.rodriguez687@gmail.com,Joseph,Rodriguez,San Antonio,2023-12-26
290,kevin.wilson418@outlook.com,Kevin,Wilson,Dallas,2024-08-12
291,ashley.lewis391@proton.me,Ashley,Lewis,Dallas,2023-08-27
292,paul.rodriguez86@mail.com,Paul,Rodriguez,Chicago,2024-08-03
293,charles.wilson52@outlook.com,Charles,Wilson,Houston,2022-09-15
294,david.garcia78@proton.me,David,Garcia,Denver,2023-05-13
295,lisa.anderson145@yahoo.com,Lisa,Anderson,Miami,2024-03-24
296,james.davis765@yahoo.com,James,Davis,Miami,2022-05-23
