order_id,product_sku,customer_email,quantity,unit_price,order_status,order_date,updated_at
50090,SKU-1028,william8675@outlook.com,4,47.93,cancelled,2024-04-05,2024-04-08 12:31:00
50151,SKU-1010,mary2340@proton.me,1,71.13,delivered,2024-06-27,2024-06-30 20:41:00
50065,SKU-1013,daniel1681@gmail.com,2,5.18,delivered,2024-03-04,2024-03-05 13:42:00
50180,SKU-1007,john5171@outlook.com,4,62.48,cancelled,2024-02-15,2024-02-18 08:46:00
50091,SKU-1025,amanda7127@outlook.com,4,105.43,shipped,2024-08-02,2024-08-04 16:50:00
50090,SKU-1004,william8675@outlook.com,4,76.62,delivered,2024-04-05,2024-04-06 09:17:00
50003,SKU-1015,ashley606@outlook.com,3,70.63,delivered,2024-01-25,2024-01-28 18:30:00
50264,SKU-1019,barbara8938@outlook.com,2,46.47,shipped,2024-03-16,2024-03-19 16:25:00
50135,SKU-1013,richard718@yahoo.com,3,5.18,delivered,2024-12-22,2024-12-23 17:24:00
50144,SKU-1024,richard2276@yahoo.com,3,7.34,delivered,2024-09-15,2024-09-18 16:55:00
50159,SKU-1007,charles1293@outlook.com,1,62.48,cancelled,2024-07-30,2024-08-02 20:36:00
50037,SKU-1018,nancy2186@gmail.com,1,65.2,shipped,2024-06-10,2024-06-13 14:59:00
50223,SKU-1001,paul1439@outlook.com,1,19.01,shipped,2024-03-27,2024-03-29 19:51:00
50272,SKU-1019,john9914@yahoo.com,1,46.47,delivered,2024-05-22,2024-05-24 12:00:00
50001,SKU-1004,andrew908@gmail.com,1,76.62,delivered,2024-07-31,2024-08-02 11:09:00
50274,SKU-1006,robert3867@outlook.com,5,101.22,delivered,2024-07-15,2024-07-17 19:48:00
50012,SKU-1022,kevin1531@proton.me,1,95.44,cancelled,2024-04-13,2024-04-16 11:03:00
50112,SKU-1026,brian1209@yahoo.com,2,10.01,delivered,2024-04-06,2024-04-07 16:50:00
50262,SKU-1010,daniel1681@gmail.com,4,71.13,delivered,2024-10-07,2024-10-10 19:36:00
50060,SKU-1017,john465@gmail.com,3,81.84,shipped,2024-01-31,2024-02-03 10:20:00
50001,SKU-1010,andrew908@gmail.com,5,71.13,delivered,2024-07-31,2024-08-01 20:23:00
50286,SKU-1025,barbara7613@mail.com,1,105.43,delivered,2024-01-09,2024-01-12 17:14:00
50215,SKU-1007,donna6731@mail.com,4,62.48,delivered,2024-07-30,2024-08-01 15:28:00
50270,SKU-1018,ashley8477@outlook.com,3,65.2,delivered,2024-08-28,2024-08-30 20:18:00
50144,SKU-1029,richard2276@yahoo.com,2,90.94,cancelled,2024-09-15,2024-09-17 20:08:00
50283,SKU-1027,donna2508@outlook.com,4,49.49,delivered,2024-09-20,2024-09-22 18:19:00
50225,SKU-1017,richard9025@outlook.com,1,81.84,cancelled,2024-10-06,2024-10-09 10:44:00
50289,SKU-1018,michelle9377@outlook.com,4,65.2,delivered,2024-12-13,2024-12-15 10:48:00
50103,SKU-1010,daniel4844@outlook.com,1,71.13,cancelled,2024-08-08,2024-08-09 08:23:00
50296,SKU-1007,susan4679@mail.com,5,62.48,cancelled,2024-02-26,2024-02-27 09:30:00
50179,SKU-1025,richard2276@yahoo.com,5,105.43,cancelled,2024-03-23,2024-03-24 10:30:00
50141,SKU-1021,kevin4758@outlook.com,4,67.57,delivered,2024-12-02,2024-12-03 19:47:00
50201,SKU-1002,richard2276@yahoo.com,1,32.42,delivered,2024-11-26,2024-11-28 11:54:00
50182,SKU-1018,emily431@outlook.com,1,65.2,shipped,2024-12-08,2024-12-11 19:04:00
50027,SKU-1014,barbara2210@gmail.com,3,45.57,delivered,2024-05-05,2024-05-06 10:32:00
50270,SKU-1013,ashley8477@outlook.com,2,5.18,delivered,2024-08-28,2024-08-31 15:37:00
50082,SKU-1017,matthew1107@outlook.com,2,81.84,cancelled,2024-03-18,2024-03-19 11:33:00
50235,SKU-1016,emily431@outlook.com,1,26.54,delivered,2024-06-09,2024-06-10 15:29:00
50041,SKU-1003,kevin4758@outlook.com,5,78.48,cancelled,2024-08-15,2024-08-16 14:28:00
50222,SKU-1010,andrew6525@proton.me,1,71.13,shipped,2024-05-04,2024-05-06 17:41:00
50031,SKU-1011,kevin1531@proton.me,2,87.63,delivered,2024-08-26,2024-08-27 17:55:00
50089,SKU-1012,david2654@outlook.com,3,38.5,delivered,2024-07-21,2024-07-24 14:11:00
50027,SKU-1017,barbara2210@gmail.com,2,81.84,delivered,2024-05-05,2024-05-06 12:56:00
50009,SKU-1023,karen7431@gmail.com,4,63.38,shipped,2024-09-13,2024-09-16 15:33:00
50239,SKU-1016,william4962@proton.me,1,26.54,cancelled,2024-02-13,2024-02-14 10:49:00
50298,SKU-1004,amanda7127@outlook.com,2,76.62,delivered,2024-05-18,2024-05-21 08:17:00
50030,SKU-1029,patricia1230@mail.com,2,90.94,cancelled,2024-09-02,2024-09-03 19:38:00
50143,SKU-1022,andrew908@gmail.com,2,95.44,delivered,2024-10-26,2024-10-27 19:52:00
50152,SKU-1020,paul1439@outlook.com,3,114.64,cancelled,2024-12-08,2024-12-09 16:52:00
50218,SKU-1026,richard718@yahoo.com,4,10.01,delivered,2024-02-10,2024-02-13 20:40:00
50264,SKU-1017,barbara8938@outlook.com,2,81.84,shipped,2024-03-16,2024-03-19 15:12:00
50156,SKU-1029,andrew6525@proton.me,3,90.94,delivered,2024-12-24,2024-12-26 20:43:00
50017,SKU-1008,lisa6273@proton.me,3,66.65,shipped,2024-06-14,2024-06-16 11:28:00
50192,SKU-1028,paul9874@mail.com,2,47.93,delivered,2024-01-05,2024-01-07 09:44:00
50244,SKU-1002,john5171@outlook.com,5,32.42,delivered,2024-07-13,2024-07-16 08:06:00
50135,SKU-1003,richard718@yahoo.com,5,78.48,cancelled,2024-12-22,2024-12-25 15:51:00
50088,SKU-1021,amanda7127@outlook.com,4,67.57,delivered,2024-03-07,2024-03-08 11:57:00
50291,SKU-1029,matthew1107@outlook.com,3,90.94,cancelled,2024-01-04,2024-01-07 18:37:00
50110,SKU-1018,paul6078@outlook.com,2,65.2,delivered,2024-07-29,2024-07-31 13:44:00
50001,SKU-1006,andrew908@gmail.com,3,101.22,cancelled,2024-07-31,2024-08-02 19:20:00
50124,SKU-1023,kevin1531@proton.me,5,63.38,delivered,2024-01-20,2024-01-21 13:48:00
50150,SKU-1025,ashley606@outlook.com,5,105.43,delivered,2024-11-01,2024-11-02 16:04:00
50064,SKU-1018,robert7407@yahoo.com,1,65.2,delivered,2024-05-25,2024-05-27 20:21:00
50030,SKU-1009,patricia1230@mail.com,1,77.67,cancelled,2024-09-02,2024-09-03 11:47:00
50039,SKU-1025,matthew8946@outlook.com,4,105.43,cancelled,2024-06-16,2024-06-17 13:35:00
50080,SKU-1029,lisa6273@proton.me,1,90.94,delivered,2024-06-13,2024-06-14 17:23:00
50267,SKU-1012,paul9874@mail.com,4,38.5,cancelled,2024-12-05,2024-12-06 10:41:00
50121,SKU-1020,nancy3061@mail.com,2,114.64,delivered,2024-08-25,2024-08-27 08:55:00
50214,SKU-1020,george5532@proton.me,3,114.64,shipped,2024-10-12,2024-10-14 13:35:00
50035,SKU-1002,paul1260@proton.me,2,32.42,shipped,2024-06-30,2024-07-03 11:44:00
50175,SKU-1026,richard9025@outlook.com,5,10.01,delivered,2024-04-13,2024-04-14 15:57:00
50178,SKU-1017,george5532@proton.me,2,81.84,delivered,2024-10-09,2024-10-11 20:44:00
50253,SKU-1003,william9033@proton.me,3,78.48,delivered,2024-06-19,2024-06-22 20:42:00
50275,SKU-1016,richard2276@yahoo.com,4,26.54,shipped,2024-07-13,2024-07-16 18:22:00
50113,SKU-1004,joseph5670@proton.me,2,76.62,delivered,2024-06-08,2024-06-11 08:11:00
50047,SKU-1005,lisa6273@proton.me,4,12.22,shipped,2024-02-25,2024-02-26 17:41:00
50078,SKU-1005,daniel4844@outlook.com,1,12.22,delivered,2024-10-17,2024-10-18 17:43:00
50034,SKU-1015,patricia2590@mail.com,5,70.63,cancelled,2024-01-31,2024-02-03 12:01:00
50175,SKU-1019,richard9025@outlook.com,5,46.47,delivered,2024-04-13,2024-04-15 18:08:00
50225,SKU-1015,richard9025@outlook.com,1,70.63,shipped,2024-10-06,2024-10-09 18:33:00
50134,SKU-1008,matthew1064@proton.me,4,66.65,shipped,2024-06-17,2024-06-18 14:25:00
50252,SKU-1023,robert7407@yahoo.com,1,63.38,delivered,2024-04-07,2024-04-09 10:49:00
50285,SKU-1023,barbara7613@mail.com,4,63.38,cancelled,2024-03-12,2024-03-15 18:19:00
50087,SKU-1025,william9033@proton.me,1,105.43,delivered,2024-02-18,2024-02-19 09:00:00
50224,SKU-1010,barbara2115@mail.com,2,71.13,delivered,2024-08-18,2024-08-19 19:34:00
50155,SKU-1012,paul571@yahoo.com,5,38.5,delivered,2024-10-21,2024-10-23 18:07:00
50102,SKU-1010,elizabeth2805@proton.me,4,71.13,delivered,2024-02-08,2024-02-11 17:57:00
50125,SKU-1012,paul1439@outlook.com,3,38.5,cancelled,2024-12-21,2024-12-23 18:08:00
50085,SKU-1008,daniel1216@mail.com,1,66.65,delivered,2024-04-16,2024-04-17 13:09:00
50296,SKU-1003,susan4679@mail.com,2,78.48,cancelled,2024-02-26,2024-02-29 14:55:00
50154,SKU-1003,lisa8407@yahoo.com,1,78.48,cancelled,2024-12-09,2024-12-12 18:09:00
50145,SKU-1021,patricia1230@mail.com,2,67.57,shipped,2024-04-12,2024-04-15 10:45:00
50300,SKU-1028,susan4679@mail.com,4,47.93,delivered,2024-05-06,2024-05-08 16:25:00
50045,SKU-1012,lisa6273@proton.me,5,38.5,delivered,2024-10-21,2024-10-23 13:07:00
50055,SKU-1022,david7273@outlook.com,2,95.44,cancelled,2024-02-29,2024-03-02 14:38:00
50008,SKU-1016,susan9374@mail.com,5,26.54,delivered,2024-01-27,2024-01-30 11:02:00
50267,SKU-1017,paul9874@mail.com,4,81.84,delivered,2024-12-05,2024-12-08 15:42:00
50220,SKU-1018,ashley606@outlook.com,6,65.2,processing,2024-03-19,2024-03-19 09:00:00
50152,SKU-1007,paul1439@outlook.com,3,62.48,cancelled,2024-12-08,2024-12-11 11:02:00
50264,SKU-1009,barbara8938@outlook.com,5,77.67,pending,2024-03-16,2024-03-16 18:00:00
50210,SKU-1010,kevin4758@outlook.com,4,71.13,delivered,2024-11-13,2024-11-14 18:34:00
50176,SKU-1015,barbara2210@gmail.com,5,70.63,cancelled,2024-07-08,2024-07-09 12:38:00
50033,SKU-1017,david9697@proton.me,4,81.84,shipped,2024-03-12,2024-03-13 11:32:00
50286,SKU-1001,barbara7613@mail.com,1,19.01,delivered,2024-01-09,2024-01-12 08:25:00
50267,SKU-1004,paul9874@mail.com,3,76.62,delivered,2024-12-05,2024-12-07 14:09:00
50288,SKU-1003,ashley606@outlook.com,4,78.48,shipped,2024-03-29,2024-03-30 20:12:00
50042,SKU-1023,jessica1859@gmail.com,4,63.38,shipped,2024-01-07,2024-01-08 14:17:00
50048,SKU-1024,david2853@outlook.com,4,7.34,delivered,2024-08-16,2024-08-18 09:18:00
50294,SKU-1006,patricia1230@mail.com,1,101.22,delivered,2024-08-25,2024-08-26 10:42:00
50141,SKU-1003,kevin4758@outlook.com,3,78.48,shipped,2024-12-02,2024-12-03 13:22:00
50060,SKU-1019,john465@gmail.com,4,46.47,delivered,2024-01-31,2024-02-01 20:50:00
50278,SKU-1003,john465@gmail.com,4,78.48,shipped,2024-07-11,2024-07-14 09:40:00
50194,SKU-1019,steven4151@gmail.com,3,46.47,cancelled,2024-08-16,2024-08-17 10:40:00
50078,SKU-1024,daniel4844@outlook.com,3,7.34,cancelled,2024-10-17,2024-10-18 08:30:00
50169,SKU-1020,susan9374@mail.com,4,114.64,shipped,2024-05-14,2024-05-16 11:33:00
50192,SKU-1027,paul9874@mail.com,1,49.49,cancelled,2024-01-05,2024-01-06 12:30:00
50039,SKU-1014,matthew8946@outlook.com,4,45.57,delivered,2024-06-16,2024-06-17 18:37:00
50249,SKU-1025,ashley8477@outlook.com,3,105.43,delivered,2024-11-17,2024-11-20 19:43:00
50011,SKU-1009,paul1439@outlook.com,3,77.67,cancelled,2024-07-21,2024-07-23 19:05:00
50204,SKU-1026,andrew6525@proton.me,4,10.01,cancelled,2024-07-19,2024-07-22 18:13:00
50233,SKU-1024,matthew8946@outlook.com,2,7.34,delivered,2024-04-28,2024-04-30 15:08:00
50034,SKU-1017,patricia2590@mail.com,5,81.84,shipped,2024-01-31,2024-02-01 11:39:00
50108,SKU-1010,jennifer7056@proton.me,5,71.13,cancelled,2024-11-17,2024-11-18 09:24:00
50028,SKU-1001,karen6524@mail.com,3,19.01,cancelled,2024-11-16,2024-11-18 20:33:00
50081,SKU-1018,david2853@outlook.com,2,65.2,delivered,2024-01-05,2024-01-07 17:31:00
50181,SKU-1001,richard9025@outlook.com,2,19.01,delivered,2024-04-13,2024-04-16 08:23:00
50152,SKU-1019,paul1439@outlook.com,2,46.47,shipped,2024-12-08,2024-12-10 08:18:00
50010,SKU-1009,lisa6273@proton.me,5,77.67,shipped,2024-04-08,2024-04-10 15:22:00
50113,SKU-1024,joseph5670@proton.me,4,7.34,delivered,2024-06-08,2024-06-09 11:02:00
50254,SKU-1006,anthony9203@gmail.com,3,101.22,delivered,2024-10-22,2024-10-24 18:07:00
50138,SKU-1007,richard2010@yahoo.com,4,62.48,processing,2024-05-03,2024-05-03 08:00:00
50165,SKU-1028,elizabeth2805@proton.me,3,47.93,delivered,2024-01-19,2024-01-20 20:37:00
50199,SKU-1015,kevin1531@proton.me,5,70.63,delivered,2024-09-25,2024-09-27 08:00:00
50069,SKU-1002,karen7431@gmail.com,2,32.42,shipped,2024-07-29,2024-07-31 18:05:00
50265,SKU-1000,david2853@outlook.com,3,32.33,delivered,2024-02-01,2024-02-04 16:52:00
50114,SKU-1014,david2853@outlook.com,1,45.57,shipped,2024-05-03,2024-05-04 12:47:00
50200,SKU-1017,betty5151@outlook.com,3,81.84,delivered,2024-06-25,2024-06-27 20:30:00
50176,SKU-1024,barbara2210@gmail.com,1,7.34,delivered,2024-07-08,2024-07-10 11:00:00
50008,SKU-1005,susan9374@mail.com,4,12.22,delivered,2024-01-27,2024-01-30 20:53:00
50119,SKU-1012,amanda1413@gmail.com,2,38.5,shipped,2024-05-12,2024-05-15 17:52:00
50002,SKU-1027,richard2276@yahoo.com,4,49.49,cancelled,2024-05-28,2024-05-29 15:32:00
50250,SKU-1000,barbara8938@outlook.com,3,32.33,shipped,2024-02-03,2024-02-04 17:07:00
50106,SKU-1022,richard718@yahoo.com,1,95.44,cancelled,2024-10-15,2024-10-18 11:35:00
50016,SKU-1025,jessica1699@proton.me,2,105.43,cancelled,2024-04-05,2024-04-08 20:12:00
50084,SKU-1002,daniel1216@mail.com,4,32.42,cancelled,2024-06-11,2024-06-12 09:10:00
50027,SKU-1007,barbara2210@gmail.com,5,62.48,shipped,2024-05-05,2024-05-08 17:20:00
50024,SKU-1014,sarah1354@mail.com,5,45.57,cancelled,2024-04-02,2024-04-03 12:29:00
50125,SKU-1003,paul1439@outlook.com,4,78.48,shipped,2024-12-21,2024-12-22 12:18:00
50295,SKU-1003,richard2010@yahoo.com,2,78.48,cancelled,2024-05-08,2024-05-11 09:04:00
50106,SKU-1024,richard718@yahoo.com,3,7.34,cancelled,2024-10-15,2024-10-18 09:05:00
50014,SKU-1024,barbara2115@mail.com,2,7.34,delivered,2024-11-30,2024-12-01 14:56:00
50117,SKU-1000,barbara8177@proton.me,3,32.33,shipped,2024-08-26,2024-08-28 12:40:00
50136,SKU-1028,emily6019@proton.me,2,47.93,cancelled,2024-12-16,2024-12-18 18:46:00
50037,SKU-1004,nancy2186@gmail.com,5,76.62,cancelled,2024-06-10,2024-06-11 17:15:00
50118,SKU-1001,richard9025@outlook.com,4,19.01,shipped,2024-03-17,2024-03-20 08:41:00
50048,SKU-1018,david2853@outlook.com,2,65.2,cancelled,2024-08-16,2024-08-18 15:50:00
50184,SKU-1012,john9914@yahoo.com,1,38.5,pending,2024-09-19,2024-09-19 20:00:00
50300,SKU-1018,susan4679@mail.com,5,65.2,delivered,2024-05-06,2024-05-09 10:58:00
50241,SKU-1027,ashley8477@outlook.com,4,49.49,delivered,2024-01-07,2024-01-08 17:56:00
50277,SKU-1023,daniel1216@mail.com,3,63.38,processing,2024-12-16,2024-12-16 16:00:00
50002,SKU-1005,richard2276@yahoo.com,2,12.22,shipped,2024-05-28,2024-05-31 15:15:00
50251,SKU-1026,robert3867@outlook.com,2,10.01,delivered,2024-09-11,2024-09-13 20:02:00
50163,SKU-1015,daniel1216@mail.com,1,70.63,delivered,2024-08-24,2024-08-26 19:56:00
50201,SKU-1013,richard2276@yahoo.com,4,5.18,cancelled,2024-11-26,2024-11-27 12:07:00
50092,SKU-1008,joseph5670@proton.me,4,66.65,shipped,2024-10-16,2024-10-18 08:51:00
50098,SKU-1029,john465@gmail.com,1,90.94,delivered,2024-11-23,2024-11-25 10:21:00
50290,SKU-1014,david2853@outlook.com,1,45.57,cancelled,2024-12-22,2024-12-25 08:08:00
50241,SKU-1017,ashley8477@outlook.com,5,81.84,delivered,2024-01-07,2024-01-09 15:05:00
50212,SKU-1019,richard2276@yahoo.com,4,46.47,delivered,2024-10-19,2024-10-20 11:41:00
50294,SKU-1001,patricia1230@mail.com,4,19.01,cancelled,2024-08-25,2024-08-26 18:54:00
50109,SKU-1004,amanda1413@gmail.com,1,76.62,delivered,2024-02-27,2024-03-01 17:48:00
50170,SKU-1028,donna2508@outlook.com,2,47.93,delivered,2024-06-25,2024-06-26 15:10:00
50194,SKU-1014,steven4151@gmail.com,2,45.57,shipped,2024-08-16,2024-08-17 10:21:00
50117,SKU-1003,barbara8177@proton.me,4,78.48,delivered,2024-08-26,2024-08-28 18:06:00
50168,SKU-1007,paul6078@outlook.com,3,62.48,cancelled,2024-02-02,2024-02-03 16:58:00
50104,SKU-1005,jessica1859@gmail.com,4,12.22,shipped,2024-02-14,2024-02-15 13:56:00
50206,SKU-1000,donna6731@mail.com,4,32.33,delivered,2024-04-30,2024-05-02 17:07:00
50029,SKU-1012,ashley9039@yahoo.com,5,38.5,delivered,2024-10-14,2024-10-15 11:51:00
50103,SKU-1005,daniel4844@outlook.com,5,12.22,shipped,2024-08-08,2024-08-09 11:26:00
50138,SKU-1016,richard2010@yahoo.com,5,26.54,cancelled,2024-05-03,2024-05-04 15:28:00
50171,SKU-1005,andrew908@gmail.com,2,12.22,shipped,2024-09-03,2024-09-06 10:03:00
50270,SKU-1010,ashley8477@outlook.com,3,71.13,delivered,2024-08-28,2024-08-31 20:36:00
50097,SKU-1005,jessica1859@gmail.com,4,12.22,delivered,2024-06-06,2024-06-07 19:36:00
50199,SKU-1011,kevin1531@proton.me,3,87.63,delivered,2024-09-25,2024-09-27 13:26:00
50013,SKU-1021,barbara2115@mail.com,2,67.57,cancelled,2024-06-18,2024-06-19 08:35:00
50149,SKU-1002,jessica1859@gmail.com,3,32.42,cancelled,2024-04-09,2024-04-12 12:00:00
50033,SKU-1029,david9697@proton.me,1,90.94,cancelled,2024-03-12,2024-03-15 08:48:00
50114,SKU-1005,david2853@outlook.com,2,12.22,delivered,2024-05-03,2024-05-04 14:03:00
50138,SKU-1007,richard2010@yahoo.com,3,62.48,delivered,2024-05-03,2024-05-04 15:28:00
50148,SKU-1022,george5532@proton.me,3,95.44,delivered,2024-11-27,2024-11-28 18:45:00
50290,SKU-1007,david2853@outlook.com,4,62.48,delivered,2024-12-22,2024-12-23 08:56:00
50244,SKU-1017,john5171@outlook.com,2,81.84,delivered,2024-07-13,2024-07-16 14:33:00
50049,SKU-1014,barbara2115@mail.com,3,45.57,delivered,2024-06-27,2024-06-30 19:28:00
50038,SKU-1023,david9697@proton.me,5,63.38,cancelled,2024-12-12,2024-12-14 17:49:00
50252,SKU-1009,robert7407@yahoo.com,5,77.67,delivered,2024-04-07,2024-04-08 18:54:00
50107,SKU-1018,amanda1413@gmail.com,1,65.2,delivered,2024-09-24,2024-09-26 09:25:00
50057,SKU-1009,barbara7613@mail.com,3,77.67,delivered,2024-05-29,2024-05-31 20:34:00
50266,SKU-1022,matthew8946@outlook.com,5,95.44,delivered,2024-05-24,2024-05-26 14:27:00
50210,SKU-1023,kevin4758@outlook.com,5,63.38,delivered,2024-11-13,2024-11-16 18:31:00
50128,SKU-1020,ashley606@outlook.com,1,114.64,cancelled,2024-10-31,2024-11-01 08:44:00
50198,SKU-1027,barbara7613@mail.com,5,49.49,shipped,2024-01-15,2024-01-17 15:55:00
50238,SKU-1014,ashley9039@yahoo.com,2,45.57,cancelled,2024-07-20,2024-07-22 17:57:00
50251,SKU-1014,robert3867@outlook.com,2,45.57,delivered,2024-09-11,2024-09-12 16:19:00
50139,SKU-1012,nancy2186@gmail.com,5,38.5,delivered,2024-09-11,2024-09-13 08:35:00
50016,SKU-1018,jessica1699@proton.me,2,65.2,cancelled,2024-04-05,2024-04-08 09:11:00
50045,SKU-1026,lisa6273@proton.me,2,10.01,cancelled,2024-10-21,2024-10-24 15:45:00
50149,SKU-1021,jessica1859@gmail.com,2,67.57,delivered,2024-04-09,2024-04-11 16:16:00
50256,SKU-1004,paul1439@outlook.com,3,76.62,cancelled,2024-10-04,2024-10-06 17:57:00
50242,SKU-1020,david7273@outlook.com,1,114.64,cancelled,2024-01-26,2024-01-28 09:03:00
50016,SKU-1009,jessica1699@proton.me,1,77.67,cancelled,2024-04-05,2024-04-07 16:20:00
50268,SKU-1014,steven4013@mail.com,2,45.57,shipped,2024-12-22,2024-12-25 15:54:00
50156,SKU-1003,andrew6525@proton.me,4,78.48,delivered,2024-12-24,2024-12-26 18:01:00
50232,SKU-1023,ashley9039@yahoo.com,1,63.38,shipped,2024-07-30,2024-07-31 10:11:00
50191,SKU-1022,david7273@outlook.com,2,95.44,cancelled,2024-07-06,2024-07-07 19:17:00
50276,SKU-1014,susan9374@mail.com,5,45.57,delivered,2024-12-01,2024-12-02 19:43:00
50103,SKU-1003,daniel4844@outlook.com,5,78.48,cancelled,2024-08-08,2024-08-09 14:36:00
50024,SKU-1028,sarah1354@mail.com,2,47.93,cancelled,2024-04-02,2024-04-05 13:07:00
50279,SKU-1005,susan4679@mail.com,4,12.22,cancelled,2024-08-06,2024-08-08 20:03:00
50036,SKU-1003,donna6731@mail.com,1,78.48,delivered,2024-09-12,2024-09-15 17:42:00
50103,SKU-1001,daniel4844@outlook.com,2,19.01,delivered,2024-08-08,2024-08-11 12:19:00
50231,SKU-1005,john5171@outlook.com,1,12.22,shipped,2024-06-11,2024-06-13 10:46:00
50244,SKU-1026,john5171@outlook.com,3,10.01,shipped,2024-07-13,2024-07-15 10:07:00
50060,SKU-1008,john465@gmail.com,5,66.65,delivered,2024-01-31,2024-02-03 12:54:00
50207,SKU-1024,richard4688@outlook.com,3,7.34,shipped,2024-09-12,2024-09-13 15:14:00
50028,SKU-1020,karen6524@mail.com,2,114.64,shipped,2024-11-16,2024-11-19 15:15:00
50088,SKU-1020,amanda7127@outlook.com,1,114.64,delivered,2024-03-07,2024-03-08 20:21:00
50085,SKU-1027,daniel1216@mail.com,1,49.49,shipped,2024-04-16,2024-04-18 14:32:00
50028,SKU-1021,karen6524@mail.com,4,67.57,delivered,2024-11-16,2024-11-19 10:51:00
50157,SKU-1012,mary2340@proton.me,3,38.5,delivered,2024-09-30,2024-10-03 20:55:00
50234,SKU-1024,barbara7613@mail.com,2,7.34,delivered,2024-04-25,2024-04-27 11:47:00
50123,SKU-1025,daniel4844@outlook.com,4,105.43,delivered,2024-04-17,2024-04-19 14:30:00
50073,SKU-1020,kevin1531@proton.me,4,114.64,delivered,2024-03-20,2024-03-21 09:59:00
50268,SKU-1005,steven4013@mail.com,4,12.22,delivered,2024-12-22,2024-12-24 11:11:00
50172,SKU-1006,betty5151@outlook.com,4,101.22,delivered,2024-12-04,2024-12-06 17:30:00
50155,SKU-1014,paul571@yahoo.com,1,45.57,delivered,2024-10-21,2024-10-24 19:39:00
50205,SKU-1023,anthony9203@gmail.com,2,63.38,delivered,2024-12-14,2024-12-16 08:55:00
50277,SKU-1007,daniel1216@mail.com,1,62.48,delivered,2024-12-16,2024-12-18 11:02:00
50300,SKU-1029,susan4679@mail.com,1,90.94,delivered,2024-05-06,2024-05-08 15:15:00
50119,SKU-1018,amanda1413@gmail.com,3,65.2,delivered,2024-05-12,2024-05-15 16:11:00
50187,SKU-1023,paul1260@proton.me,2,63.38,delivered,2024-10-20,2024-10-21 15:47:00
50189,SKU-1011,barbara2210@gmail.com,2,87.63,shipped,2024-10-04,2024-10-07 12:31:00
50162,SKU-1025,john465@gmail.com,2,105.43,delivered,2024-10-16,2024-10-17 08:20:00
50276,SKU-1024,susan9374@mail.com,2,7.34,shipped,2024-12-01,2024-12-04 13:43:00
50095,SKU-1019,william4962@proton.me,4,46.47,delivered,2024-01-11,2024-01-13 19:42:00
50282,SKU-1000,david2654@outlook.com,4,32.33,delivered,2024-01-10,2024-01-13 13:57:00
50132,SKU-1021,andrew908@gmail.com,3,67.57,delivered,2024-12-18,2024-12-21 19:06:00
50249,SKU-1026,ashley8477@outlook.com,3,10.01,shipped,2024-11-17,2024-11-18 17:43:00
50120,SKU-1025,emily6019@proton.me,3,105.43,cancelled,2024-08-29,2024-08-30 13:14:00
50092,SKU-1012,joseph5670@proton.me,2,38.5,delivered,2024-10-16,2024-10-17 13:38:00
50261,SKU-1019,betty5151@outlook.com,1,46.47,shipped,2024-03-28,2024-03-31 09:25:00
50158,SKU-1003,george5532@proton.me,4,78.48,delivered,2024-10-10,2024-10-11 17:38:00
50191,SKU-1013,david7273@outlook.com,4,5.18,shipped,2024-07-06,2024-07-08 13:54:00
50169,SKU-1012,susan9374@mail.com,1,38.5,shipped,2024-05-14,2024-05-16 13:37:00
50262,SKU-1002,daniel1681@gmail.com,2,32.42,delivered,2024-10-07,2024-10-10 19:15:00
50051,SKU-1010,paul9874@mail.com,4,71.13,delivered,2024-09-21,2024-09-23 15:14:00
50053,SKU-1014,david7273@outlook.com,4,45.57,delivered,2024-10-01,2024-10-03 13:54:00
50008,SKU-1023,susan9374@mail.com,2,63.38,cancelled,2024-01-27,2024-01-28 14:44:00
50046,SKU-1004,john5171@outlook.com,5,76.62,cancelled,2024-05-29,2024-06-01 14:34:00
50186,SKU-1017,robert7407@yahoo.com,3,81.84,delivered,2024-07-23,2024-07-24 15:20:00
50194,SKU-1020,steven4151@gmail.com,3,114.64,cancelled,2024-08-16,2024-08-18 18:18:00
50014,SKU-1020,barbara2115@mail.com,1,114.64,delivered,2024-11-30,2024-12-02 12:41:00
50101,SKU-1017,ashley9039@yahoo.com,4,81.84,delivered,2024-03-26,2024-03-28 10:56:00
50141,SKU-1024,kevin4758@outlook.com,2,7.34,cancelled,2024-12-02,2024-12-05 09:02:00
50223,SKU-1019,paul1439@outlook.com,3,46.47,delivered,2024-03-27,2024-03-28 11:43:00
50165,SKU-1015,elizabeth2805@proton.me,1,70.63,cancelled,2024-01-19,2024-01-21 16:32:00
50054,SKU-1021,barbara8177@proton.me,2,67.57,shipped,2024-12-10,2024-12-11 13:07:00
50283,SKU-1023,donna2508@outlook.com,3,63.38,shipped,2024-09-20,2024-09-23 18:05:00
50177,SKU-1006,matthew1107@outlook.com,3,101.22,shipped,2024-09-23,2024-09-25 18:37:00
50096,SKU-1004,barbara8177@proton.me,4,76.62,shipped,2024-06-21,2024-06-23 20:40:00
50245,SKU-1018,steven4013@mail.com,3,65.2,delivered,2024-08-06,2024-08-07 17:14:00
50288,SKU-1025,ashley606@outlook.com,5,105.43,delivered,2024-03-29,2024-03-30 09:31:00
50036,SKU-1027,donna6731@mail.com,1,49.49,shipped,2024-09-12,2024-09-14 08:59:00
50019,SKU-1005,nancy3061@mail.com,5,12.22,delivered,2024-12-07,2024-12-10 12:23:00
50150,SKU-1015,ashley606@outlook.com,3,70.63,delivered,2024-11-01,2024-11-04 13:04:00
50275,SKU-1004,richard2276@yahoo.com,1,76.62,delivered,2024-07-13,2024-07-16 13:33:00
50053,SKU-1006,david7273@outlook.com,4,101.22,delivered,2024-10-01,2024-10-04 14:39:00
50154,SKU-1006,lisa8407@yahoo.com,1,101.22,delivered,2024-12-09,2024-12-12 13:02:00
50298,SKU-1001,amanda7127@outlook.com,2,19.01,shipped,2024-05-18,2024-05-20 15:26:00
50057,SKU-1017,barbara7613@mail.com,5,81.84,delivered,2024-05-29,2024-06-01 16:07:00
50004,SKU-1011,george5532@proton.me,5,87.63,cancelled,2024-10-18,2024-10-20 09:24:00
50124,SKU-1011,kevin1531@proton.me,2,87.63,delivered,2024-01-20,2024-01-21 18:00:00
50109,SKU-1018,amanda1413@gmail.com,3,65.2,shipped,2024-02-27,2024-03-01 20:06:00
50046,SKU-1020,john5171@outlook.com,3,114.64,delivered,2024-05-29,2024-06-01 08:50:00
50080,SKU-1010,lisa6273@proton.me,4,71.13,shipped,2024-06-13,2024-06-15 09:56:00
50191,SKU-1024,david7273@outlook.com,2,7.34,cancelled,2024-07-06,2024-07-08 11:09:00
50080,SKU-1008,lisa6273@proton.me,5,66.65,cancelled,2024-06-13,2024-06-15 13:05:00
50274,SKU-1020,robert3867@outlook.com,1,114.64,delivered,2024-07-15,2024-07-18 12:48:00
50209,SKU-1014,william4962@proton.me,4,45.57,delivered,2024-02-05,2024-02-07 16:23:00
50223,SKU-1014,paul1439@outlook.com,3,45.57,delivered,2024-03-27,2024-03-30 10:55:00
50104,SKU-1006,jessica1859@gmail.com,4,101.22,delivered,2024-02-14,2024-02-17 12:05:00
50204,SKU-1006,andrew6525@proton.me,4,101.22,delivered,2024-07-19,2024-07-22 11:24:00
50167,SKU-1018,daniel1681@gmail.com,4,65.2,shipped,2024-08-16,2024-08-17 19:46:00
50061,SKU-1004,emily6019@proton.me,3,76.62,cancelled,2024-05-21,2024-05-23 10:36:00
50022,SKU-1025,charles1293@outlook.com,5,105.43,delivered,2024-02-16,2024-02-19 14:29:00
50055,SKU-1016,david7273@outlook.com,3,26.54,delivered,2024-02-29,2024-03-03 10:31:00
50208,SKU-1001,sarah1354@mail.com,5,19.01,shipped,2024-07-02,2024-07-03 17:11:00
50178,SKU-1017,george5532@proton.me,2,81.84,processing,2024-10-09,2024-10-09 10:00:00
50130,SKU-1013,jessica1699@proton.me,5,5.18,delivered,2024-12-21,2024-12-24 16:17:00
50042,SKU-1012,jessica1859@gmail.com,5,38.5,delivered,2024-01-07,2024-01-10 11:36:00
50117,SKU-1003,barbara8177@proton.me,5,78.48,processing,2024-08-26,2024-08-26 12:00:00
50043,SKU-1007,andrew6525@proton.me,3,62.48,delivered,2024-09-04,2024-09-06 09:08:00
50122,SKU-1024,thomas4265@mail.com,2,7.34,shipped,2024-03-14,2024-03-16 13:40:00
50262,SKU-1006,daniel1681@gmail.com,3,101.22,delivered,2024-10-07,2024-10-10 17:29:00
50202,SKU-1004,patricia2590@mail.com,3,76.62,cancelled,2024-05-19,2024-05-20 13:26:00
50155,SKU-1013,paul571@yahoo.com,3,5.18,delivered,2024-10-21,2024-10-24 14:27:00
50249,SKU-1014,ashley8477@outlook.com,5,45.57,shipped,2024-11-17,2024-11-19 19:03:00
50239,SKU-1025,william4962@proton.me,2,105.43,delivered,2024-02-13,2024-02-14 13:36:00
50167,SKU-1021,daniel1681@gmail.com,4,67.57,delivered,2024-08-16,2024-08-17 11:48:00
50070,SKU-1012,steven4013@mail.com,4,38.5,delivered,2024-09-22,2024-09-24 09:15:00
50063,SKU-1018,donna2508@outlook.com,4,65.2,shipped,2024-08-20,2024-08-23 09:46:00
50190,SKU-1014,paul9874@mail.com,5,45.57,shipped,2024-12-17,2024-12-18 12:30:00
50234,SKU-1008,barbara7613@mail.com,1,66.65,cancelled,2024-04-25,2024-04-27 14:49:00
50064,SKU-1027,robert7407@yahoo.com,4,49.49,delivered,2024-05-25,2024-05-26 18:50:00
50233,SKU-1022,matthew8946@outlook.com,2,95.44,cancelled,2024-04-28,2024-05-01 18:23:00
50024,SKU-1012,sarah1354@mail.com,2,38.5,delivered,2024-04-02,2024-04-05 10:46:00
50284,SKU-1020,ashley8477@outlook.com,2,114.64,shipped,2024-02-11,2024-02-14 08:24:00
50008,SKU-1023,susan9374@mail.com,1,63.38,pending,2024-01-27,2024-01-27 19:00:00
50198,SKU-1029,barbara7613@mail.com,5,90.94,delivered,2024-01-15,2024-01-18 15:08:00
50010,SKU-1007,lisa6273@proton.me,5,62.48,cancelled,2024-04-08,2024-04-10 09:36:00
50262,SKU-1012,daniel1681@gmail.com,4,38.5,shipped,2024-10-07,2024-10-10 17:27:00
50299,SKU-1002,elizabeth2805@proton.me,2,32.42,cancelled,2024-10-22,2024-10-25 15:55:00
50065,SKU-1000,daniel1681@gmail.com,3,32.33,shipped,2024-03-04,2024-03-06 09:41:00
50273,SKU-1005,paul6078@outlook.com,4,12.22,cancelled,2024-03-30,2024-04-02 10:53:00
50070,SKU-1023,steven4013@mail.com,2,63.38,cancelled,2024-09-22,2024-09-24 18:03:00
50168,SKU-1001,paul6078@outlook.com,1,19.01,delivered,2024-02-02,2024-02-04 15:56:00
50188,SKU-1019,amanda7127@outlook.com,4,46.47,delivered,2024-04-27,2024-04-28 18:42:00
50242,SKU-1001,david7273@outlook.com,1,19.01,shipped,2024-01-26,2024-01-28 08:09:00
50284,SKU-1006,ashley8477@outlook.com,1,101.22,shipped,2024-02-11,2024-02-14 14:57:00
50009,SKU-1022,karen7431@gmail.com,3,95.44,cancelled,2024-09-13,2024-09-16 13:43:00
50268,SKU-1005,steven4013@mail.com,4,12.22,pending,2024-12-22,2024-12-22 15:00:00
50259,SKU-1027,mary2340@proton.me,3,49.49,cancelled,2024-04-28,2024-05-01 12:58:00
50108,SKU-1029,jennifer7056@proton.me,3,90.94,cancelled,2024-11-17,2024-11-20 13:54:00
50033,SKU-1005,david9697@proton.me,1,12.22,pending,2024-03-12,2024-03-12 10:00:00
50090,SKU-1014,william8675@outlook.com,5,45.57,delivered,2024-04-05,2024-04-06 17:39:00
50204,SKU-1006,andrew6525@proton.me,4,101.22,delivered,2024-07-19,2024-07-22 11:24:00
50236,SKU-1001,kevin1531@proton.me,3,19.01,shipped,2024-09-22,2024-09-24 15:25:00
50178,SKU-1015,george5532@proton.me,3,70.63,delivered,2024-10-09,2024-10-10 16:25:00
50174,SKU-1007,amanda497@mail.com,1,62.48,delivered,2024-11-01,2024-11-03 14:08:00
50274,SKU-1005,robert3867@outlook.com,4,12.22,shipped,2024-07-15,2024-07-16 15:25:00
50189,SKU-1010,barbara2210@gmail.com,4,71.13,cancelled,2024-10-04,2024-10-05 16:51:00
50093,SKU-1026,robert3867@outlook.com,2,10.01,shipped,2024-12-02,2024-12-04 10:11:00
50279,SKU-1002,susan4679@mail.com,2,32.42,cancelled,2024-08-06,2024-08-08 09:31:00
50181,SKU-1006,richard9025@outlook.com,2,101.22,delivered,2024-04-13,2024-04-16 16:33:00
50149,SKU-1005,jessica1859@gmail.com,1,12.22,cancelled,2024-04-09,2024-04-12 09:24:00
50208,SKU-1015,sarah1354@mail.com,3,70.63,delivered,2024-07-02,2024-07-04 19:29:00
50245,SKU-1008,steven4013@mail.com,2,66.65,cancelled,2024-08-06,2024-08-09 13:59:00
50030,SKU-1000,patricia1230@mail.com,3,32.33,cancelled,2024-09-02,2024-09-03 16:20:00
50263,SKU-1019,paul9874@mail.com,5,46.47,delivered,2024-08-15,2024-08-16 10:56:00
50270,SKU-1023,ashley8477@outlook.com,5,63.38,shipped,2024-08-28,2024-08-29 19:59:00
50185,SKU-1010,mary2340@proton.me,3,71.13,delivered,2024-11-20,2024-11-23 12:15:00
50264,SKU-1012,barbara8938@outlook.com,5,38.5,delivered,2024-03-16,2024-03-19 13:05:00
50136,SKU-1003,emily6019@proton.me,5,78.48,delivered,2024-12-16,2024-12-19 13:33:00
50006,SKU-1012,karen7431@gmail.com,4,38.5,delivered,2024-06-16,2024-06-19 17:19:00
50088,SKU-1011,amanda7127@outlook.com,1,87.63,delivered,2024-03-07,2024-03-10 17:16:00
50222,SKU-1024,andrew6525@proton.me,1,7.34,cancelled,2024-05-04,2024-05-07 17:05:00
50257,SKU-1002,richard2276@yahoo.com,5,32.42,cancelled,2024-02-24,2024-02-26 14:11:00
50057,SKU-1007,barbara7613@mail.com,5,62.48,cancelled,2024-05-29,2024-05-30 20:29:00
50085,SKU-1014,daniel1216@mail.com,3,45.57,delivered,2024-04-16,2024-04-17 09:10:00
50197,SKU-1020,patricia2590@mail.com,2,114.64,delivered,2024-05-14,2024-05-16 18:08:00
50206,SKU-1005,donna6731@mail.com,4,12.22,delivered,2024-04-30,2024-05-01 08:37:00
50271,SKU-1009,jessica1859@gmail.com,5,77.67,delivered,2024-12-02,2024-12-04 09:08:00
50005,SKU-1017,patricia5439@outlook.com,5,81.84,delivered,2024-03-06,2024-03-07 17:57:00
50003,SKU-1019,ashley606@outlook.com,3,46.47,shipped,2024-01-25,2024-01-26 14:08:00
50237,SKU-1023,daniel1216@mail.com,5,63.38,delivered,2024-11-26,2024-11-29 09:11:00
50104,SKU-1003,jessica1859@gmail.com,4,78.48,cancelled,2024-02-14,2024-02-16 20:25:00
50232,SKU-1014,ashley9039@yahoo.com,2,45.57,delivered,2024-07-30,2024-08-02 19:17:00
50229,SKU-1007,andrew3674@gmail.com,2,62.48,delivered,2024-02-14,2024-02-16 16:08:00
50211,SKU-1020,betty5151@outlook.com,1,114.64,delivered,2024-11-09,2024-11-10 10:55:00
50096,SKU-1005,barbara8177@proton.me,5,12.22,shipped,2024-06-21,2024-06-22 19:35:00
50177,SKU-1006,matthew1107@outlook.com,3,101.22,processing,2024-09-23,2024-09-23 15:00:00
50149,SKU-1023,jessica1859@gmail.com,2,63.38,shipped,2024-04-09,2024-04-12 10:02:00
50148,SKU-1016,george5532@proton.me,3,26.54,delivered,2024-11-27,2024-11-29 14:50:00
50297,SKU-1006,donna6731@mail.com,4,101.22,shipped,2024-01-28,2024-01-31 15:11:00
50035,SKU-1014,paul1260@proton.me,2,45.57,delivered,2024-06-30,2024-07-01 18:00:00
50292,SKU-1013,jennifer7056@proton.me,5,5.18,delivered,2024-04-15,2024-04-17 14:00:00
50183,SKU-1017,ashley9039@yahoo.com,3,81.84,delivered,2024-03-30,2024-03-31 16:18:00
50189,SKU-1019,barbara2210@gmail.com,5,46.47,delivered,2024-10-04,2024-10-06 11:48:00
50126,SKU-1025,paul694@outlook.com,5,105.43,delivered,2024-07-02,2024-07-03 19:01:00
50014,SKU-1006,barbara2115@mail.com,5,101.22,delivered,2024-11-30,2024-12-03 17:14:00
50236,SKU-1023,kevin1531@proton.me,1,63.38,delivered,2024-09-22,2024-09-25 20:40:00
50216,SKU-1009,sarah1354@mail.com,3,77.67,delivered,2024-09-22,2024-09-23 08:29:00
50119,SKU-1023,amanda1413@gmail.com,5,63.38,cancelled,2024-05-12,2024-05-15 19:14:00
50055,SKU-1004,david7273@outlook.com,5,76.62,delivered,2024-02-29,2024-03-02 10:31:00
50218,SKU-1028,richard718@yahoo.com,5,47.93,delivered,2024-02-10,2024-02-13 18:54:00
50184,SKU-1022,john9914@yahoo.com,2,95.44,shipped,2024-09-19,2024-09-22 15:49:00
50188,SKU-1026,amanda7127@outlook.com,1,10.01,delivered,2024-04-27,2024-04-29 10:49:00
50258,SKU-1010,matthew1064@proton.me,5,71.13,delivered,2024-11-11,2024-11-14 20:42:00
50071,SKU-1029,jessica1699@proton.me,3,90.94,delivered,2024-09-27,2024-09-29 17:26:00
50175,SKU-1004,richard9025@outlook.com,1,76.62,delivered,2024-04-13,2024-04-16 16:48:00
50232,SKU-1029,ashley9039@yahoo.com,2,90.94,delivered,2024-07-30,2024-08-02 17:39:00
50175,SKU-1003,richard9025@outlook.com,5,78.48,cancelled,2024-04-13,2024-04-16 18:27:00
50161,SKU-1011,donna2508@outlook.com,3,87.63,delivered,2024-10-24,2024-10-27 11:06:00
50012,SKU-1029,kevin1531@proton.me,5,90.94,delivered,2024-04-13,2024-04-15 10:06:00
50254,SKU-1010,anthony9203@gmail.com,5,71.13,shipped,2024-10-22,2024-10-23 12:17:00
50142,SKU-1025,lisa8407@yahoo.com,1,105.43,cancelled,2024-07-20,2024-07-23 18:37:00
50019,SKU-1009,nancy3061@mail.com,3,77.67,delivered,2024-12-07,2024-12-10 19:49:00
50005,SKU-1010,patricia5439@outlook.com,4,71.13,cancelled,2024-03-06,2024-03-09 13:51:00
50247,SKU-1011,barbara2210@gmail.com,2,87.63,shipped,2024-07-30,2024-08-02 11:00:00
50120,SKU-1023,emily6019@proton.me,3,63.38,delivered,2024-08-29,2024-08-30 18:57:00
50041,SKU-1004,kevin4758@outlook.com,3,76.62,delivered,2024-08-15,2024-08-16 08:05:00
50095,SKU-1010,william4962@proton.me,2,71.13,delivered,2024-01-11,2024-01-13 08:01:00
50248,SKU-1018,richard2010@yahoo.com,4,65.2,delivered,2024-12-17,2024-12-18 18:08:00
50212,SKU-1016,richard2276@yahoo.com,2,26.54,delivered,2024-10-19,2024-10-21 08:23:00
50162,SKU-1013,john465@gmail.com,3,5.18,cancelled,2024-10-16,2024-10-18 10:43:00
50020,SKU-1024,lisa8407@yahoo.com,1,7.34,delivered,2024-10-02,2024-10-05 19:23:00
50221,SKU-1015,emily6019@proton.me,5,70.63,delivered,2024-12-23,2024-12-24 15:25:00
50148,SKU-1007,george5532@proton.me,1,62.48,cancelled,2024-11-27,2024-11-29 19:42:00
50028,SKU-1011,karen6524@mail.com,4,87.63,delivered,2024-11-16,2024-11-18 10:19:00
50228,SKU-1020,matthew1064@proton.me,1,114.64,shipped,2024-06-26,2024-06-29 12:51:00
50097,SKU-1023,jessica1859@gmail.com,5,63.38,delivered,2024-06-06,2024-06-07 17:20:00
50093,SKU-1017,robert3867@outlook.com,2,81.84,cancelled,2024-12-02,2024-12-05 08:48:00
50076,SKU-1024,david2853@outlook.com,3,7.34,delivered,2024-03-26,2024-03-28 20:27:00
50204,SKU-1028,andrew6525@proton.me,4,47.93,delivered,2024-07-19,2024-07-22 08:12:00
50129,SKU-1017,andrew3674@gmail.com,2,81.84,delivered,2024-08-15,2024-08-17 15:44:00
50176,SKU-1007,barbara2210@gmail.com,5,62.48,delivered,2024-07-08,2024-07-10 13:37:00
50065,SKU-1006,daniel1681@gmail.com,2,101.22,cancelled,2024-03-04,2024-03-06 18:19:00
50220,SKU-1019,ashley606@outlook.com,1,46.47,cancelled,2024-03-19,2024-03-21 17:47:00
50122,SKU-1002,thomas4265@mail.com,4,32.42,shipped,2024-03-14,2024-03-17 08:00:00
50176,SKU-1025,barbara2210@gmail.com,4,105.43,delivered,2024-07-08,2024-07-10 10:16:00
50151,SKU-1021,mary2340@proton.me,2,67.57,cancelled,2024-06-27,2024-06-29 13:18:00
50145,SKU-1011,patricia1230@mail.com,3,87.63,cancelled,2024-04-12,2024-04-15 09:48:00
50047,SKU-1019,lisa6273@proton.me,5,46.47,delivered,2024-02-25,2024-02-26 16:47:00
50113,SKU-1016,joseph5670@proton.me,1,26.54,delivered,2024-06-08,2024-06-10 16:25:00
50111,SKU-1026,robert7407@yahoo.com,5,10.01,delivered,2024-01-11,2024-01-13 19:26:00
50147,SKU-1004,daniel1681@gmail.com,5,76.62,delivered,2024-05-16,2024-05-19 18:47:00
50238,SKU-1005,ashley9039@yahoo.com,4,12.22,shipped,2024-07-20,2024-07-21 09:45:00
50147,SKU-1008,daniel1681@gmail.com,4,66.65,delivered,2024-05-16,2024-05-19 08:22:00
50215,SKU-1018,donna6731@mail.com,5,65.2,delivered,2024-07-30,2024-08-02 08:18:00
50095,SKU-1029,william4962@proton.me,3,90.94,delivered,2024-01-11,2024-01-12 16:55:00
50216,SKU-1000,sarah1354@mail.com,3,32.33,delivered,2024-09-22,2024-09-23 13:01:00
50081,SKU-1009,david2853@outlook.com,2,77.67,cancelled,2024-01-05,2024-01-07 19:39:00
50236,SKU-1017,kevin1531@proton.me,3,81.84,delivered,2024-09-22,2024-09-24 10:27:00
50218,SKU-1011,richard718@yahoo.com,1,87.63,delivered,2024-02-10,2024-02-12 14:59:00
50023,SKU-1029,john5171@outlook.com,3,90.94,cancelled,2024-12-24,2024-12-25 15:02:00
50076,SKU-1023,david2853@outlook.com,1,63.38,delivered,2024-03-26,2024-03-28 19:56:00
50162,SKU-1010,john465@gmail.com,4,71.13,shipped,2024-10-16,2024-10-19 19:41:00
50114,SKU-1019,david2853@outlook.com,3,46.47,shipped,2024-05-03,2024-05-05 17:35:00
50035,SKU-1012,paul1260@proton.me,5,38.5,cancelled,2024-06-30,2024-07-02 14:24:00
50062,SKU-1020,daniel1216@mail.com,3,114.64,shipped,2024-07-11,2024-07-12 14:32:00
50277,SKU-1009,daniel1216@mail.com,5,77.67,delivered,2024-12-16,2024-12-19 09:05:00
50270,SKU-1023,ashley8477@outlook.com,5,63.38,shipped,2024-08-28,2024-08-29 19:59:00
50207,SKU-1029,richard4688@outlook.com,2,90.94,delivered,2024-09-12,2024-09-13 08:22:00
50031,SKU-1008,kevin1531@proton.me,3,66.65,cancelled,2024-08-26,2024-08-28 11:23:00
50142,SKU-1022,lisa8407@yahoo.com,1,95.44,cancelled,2024-07-20,2024-07-22 08:33:00
50019,SKU-1012,nancy3061@mail.com,2,38.5,cancelled,2024-12-07,2024-12-08 10:30:00
50299,SKU-1013,elizabeth2805@proton.me,4,5.18,delivered,2024-10-22,2024-10-24 12:00:00
50134,SKU-1028,matthew1064@proton.me,4,47.93,cancelled,2024-06-17,2024-06-19 19:54:00
50075,SKU-1005,sarah1354@mail.com,5,12.22,shipped,2024-01-07,2024-01-09 13:33:00
50273,SKU-1015,paul6078@outlook.com,1,70.63,delivered,2024-03-30,2024-04-02 08:21:00
50027,SKU-1006,barbara2210@gmail.com,1,101.22,delivered,2024-05-05,2024-05-07 12:17:00
50022,SKU-1004,charles1293@outlook.com,4,76.62,shipped,2024-02-16,2024-02-19 09:02:00
50208,SKU-1028,sarah1354@mail.com,3,47.93,cancelled,2024-07-02,2024-07-05 15:35:00
50295,SKU-1023,richard2010@yahoo.com,4,63.38,delivered,2024-05-08,2024-05-11 17:20:00
50126,SKU-1029,paul694@outlook.com,2,90.94,delivered,2024-07-02,2024-07-04 08:14:00
50101,SKU-1012,ashley9039@yahoo.com,1,38.5,shipped,2024-03-26,2024-03-27 15:04:00
50083,SKU-1028,paul571@yahoo.com,5,47.93,delivered,2024-01-23,2024-01-26 14:04:00
50073,SKU-1018,kevin1531@proton.me,2,65.2,delivered,2024-03-20,2024-03-23 14:46:00
50019,SKU-1021,nancy3061@mail.com,4,67.57,cancelled,2024-12-07,2024-12-10 17:23:00
50130,SKU-1003,jessica1699@proton.me,1,78.48,cancelled,2024-12-21,2024-12-23 09:50:00
50094,SKU-1018,matthew1064@proton.me,2,65.2,cancelled,2024-12-26,2024-12-28 16:19:00
50131,SKU-1024,steven4013@mail.com,4,7.34,shipped,2024-04-11,2024-04-14 11:22:00
50060,SKU-1019,john465@gmail.com,4,46.47,delivered,2024-01-31,2024-02-01 20:50:00
50032,SKU-1010,paul6078@outlook.com,3,71.13,delivered,2024-01-09,2024-01-10 19:50:00
50069,SKU-1027,karen7431@gmail.com,3,49.49,processing,2024-07-29,2024-07-29 17:00:00
50132,SKU-1007,andrew908@gmail.com,5,62.48,cancelled,2024-12-18,2024-12-19 09:53:00
50017,SKU-1008,lisa6273@proton.me,3,66.65,shipped,2024-06-14,2024-06-16 11:28:00
50153,SKU-1005,steven4151@gmail.com,1,12.22,delivered,2024-09-20,2024-09-23 16:00:00
50180,SKU-1011,john5171@outlook.com,3,87.63,delivered,2024-02-15,2024-02-18 18:33:00
50173,SKU-1025,ashley9039@yahoo.com,5,105.43,shipped,2024-04-22,2024-04-23 17:42:00
50178,SKU-1011,george5532@proton.me,3,87.63,pending,2024-10-09,2024-10-09 12:00:00
50165,SKU-1017,elizabeth2805@proton.me,3,81.84,cancelled,2024-01-19,2024-01-22 20:09:00
50233,SKU-1002,matthew8946@outlook.com,5,32.42,cancelled,2024-04-28,2024-04-30 10:32:00
50245,SKU-1018,steven4013@mail.com,3,65.2,pending,2024-08-06,2024-08-06 16:00:00
50275,SKU-1027,richard2276@yahoo.com,1,49.49,shipped,2024-07-13,2024-07-15 12:17:00
50110,SKU-1020,paul6078@outlook.com,3,114.64,cancelled,2024-07-29,2024-07-31 08:11:00
50191,SKU-1006,david7273@outlook.com,2,101.22,delivered,2024-07-06,2024-07-08 10:36:00
50247,SKU-1025,barbara2210@gmail.com,1,105.43,delivered,2024-07-30,2024-08-02 16:20:00
50295,SKU-1001,richard2010@yahoo.com,1,19.01,cancelled,2024-05-08,2024-05-11 10:10:00
50048,SKU-1024,david2853@outlook.com,3,7.34,pending,2024-08-16,2024-08-16 12:00:00
50161,SKU-1021,donna2508@outlook.com,5,67.57,delivered,2024-10-24,2024-10-27 18:19:00
50133,SKU-1001,jessica1859@gmail.com,1,19.01,delivered,2024-08-21,2024-08-24 13:27:00
50083,SKU-1022,paul571@yahoo.com,1,95.44,pending,2024-01-23,2024-01-23 20:00:00
50142,SKU-1026,lisa8407@yahoo.com,4,10.01,delivered,2024-07-20,2024-07-22 09:48:00
50176,SKU-1007,barbara2210@gmail.com,5,62.48,pending,2024-07-08,2024-07-08 16:00:00
50086,SKU-1012,paul9874@mail.com,5,38.5,delivered,2024-05-13,2024-05-15 16:47:00
50212,SKU-1018,richard2276@yahoo.com,4,65.2,shipped,2024-10-19,2024-10-22 19:56:00
50071,SKU-1004,jessica1699@proton.me,1,76.62,delivered,2024-09-27,2024-09-28 12:13:00
50240,SKU-1028,david7273@outlook.com,5,47.93,shipped,2024-11-16,2024-11-17 11:00:00
50094,SKU-1006,matthew1064@proton.me,2,101.22,delivered,2024-12-26,2024-12-27 09:03:00
50238,SKU-1000,ashley9039@yahoo.com,2,32.33,delivered,2024-07-20,2024-07-21 12:20:00
50111,SKU-1009,robert7407@yahoo.com,1,77.67,delivered,2024-01-11,2024-01-13 19:43:00
50007,SKU-1019,anthony9203@gmail.com,5,46.47,delivered,2024-10-25,2024-10-27 12:41:00
50236,SKU-1012,kevin1531@proton.me,2,38.5,cancelled,2024-09-22,2024-09-25 16:57:00
50107,SKU-1015,amanda1413@gmail.com,4,70.63,delivered,2024-09-24,2024-09-26 09:43:00
50227,SKU-1016,jessica1859@gmail.com,5,26.54,shipped,2024-01-10,2024-01-11 11:59:00
50200,SKU-1022,betty5151@outlook.com,2,95.44,cancelled,2024-06-25,2024-06-26 16:23:00
50067,SKU-1000,brian1209@yahoo.com,1,32.33,cancelled,2024-09-22,2024-09-25 13:52:00
50260,SKU-1002,donna2508@outlook.com,4,32.42,cancelled,2024-08-20,2024-08-22 09:22:00
50095,SKU-1000,william4962@proton.me,3,32.33,delivered,2024-01-11,2024-01-12 20:08:00
50199,SKU-1029,kevin1531@proton.me,1,90.94,cancelled,2024-09-25,2024-09-28 11:51:00
50238,SKU-1000,ashley9039@yahoo.com,1,32.33,processing,2024-07-20,2024-07-20 15:00:00
50288,SKU-1026,ashley606@outlook.com,5,10.01,delivered,2024-03-29,2024-03-31 17:10:00
50088,SKU-1002,amanda7127@outlook.com,5,32.42,cancelled,2024-03-07,2024-03-09 08:10:00
50024,SKU-1011,sarah1354@mail.com,5,87.63,delivered,2024-04-02,2024-04-04 14:05:00
50056,SKU-1011,thomas4265@mail.com,1,87.63,delivered,2024-04-05,2024-04-06 09:36:00
50247,SKU-1017,barbara2210@gmail.com,3,81.84,shipped,2024-07-30,2024-08-01 20:04:00
50146,SKU-1000,jessica1699@proton.me,1,32.33,delivered,2024-08-04,2024-08-06 10:03:00
50294,SKU-1003,patricia1230@mail.com,2,78.48,cancelled,2024-08-25,2024-08-28 13:18:00
50077,SKU-1015,john9450@outlook.com,1,70.63,cancelled,2024-05-14,2024-05-16 16:23:00
50220,SKU-1014,ashley606@outlook.com,4,45.57,shipped,2024-03-19,2024-03-22 09:14:00
50099,SKU-1020,thomas4265@mail.com,3,114.64,cancelled,2024-06-26,2024-06-27 19:42:00
50195,SKU-1023,brian1209@yahoo.com,2,63.38,delivered,2024-05-18,2024-05-20 14:10:00
50234,SKU-1008,barbara7613@mail.com,1,66.65,cancelled,2024-04-25,2024-04-27 14:49:00
50145,SKU-1029,patricia1230@mail.com,4,90.94,shipped,2024-04-12,2024-04-15 17:42:00
50137,SKU-1026,richard2276@yahoo.com,2,10.01,cancelled,2024-06-26,2024-06-29 08:00:00
50068,SKU-1002,emily6019@proton.me,3,32.42,shipped,2024-12-21,2024-12-22 09:20:00
50038,SKU-1012,david9697@proton.me,1,38.5,shipped,2024-12-12,2024-12-13 20:44:00
50170,SKU-1019,donna2508@outlook.com,2,46.47,delivered,2024-06-25,2024-06-28 18:17:00
50202,SKU-1010,patricia2590@mail.com,4,71.13,delivered,2024-05-19,2024-05-21 12:08:00
50141,SKU-1007,kevin4758@outlook.com,2,62.48,delivered,2024-12-02,2024-12-04 17:12:00
50267,SKU-1006,paul9874@mail.com,1,101.22,delivered,2024-12-05,2024-12-06 08:04:00
50193,SKU-1017,paul6078@outlook.com,2,81.84,delivered,2024-06-20,2024-06-22 18:38:00
50082,SKU-1000,matthew1107@outlook.com,1,32.33,shipped,2024-03-18,2024-03-21 19:56:00
50226,SKU-1002,william9033@proton.me,3,32.42,delivered,2024-01-28,2024-01-30 18:17:00
50155,SKU-1012,paul571@yahoo.com,5,38.5,processing,2024-10-21,2024-10-21 19:00:00
50063,SKU-1000,donna2508@outlook.com,4,32.33,delivered,2024-08-20,2024-08-21 20:34:00
50225,SKU-1019,richard9025@outlook.com,2,46.47,shipped,2024-10-06,2024-10-07 08:18:00
50071,SKU-1010,jessica1699@proton.me,1,71.13,delivered,2024-09-27,2024-09-29 20:04:00
50082,SKU-1011,matthew1107@outlook.com,3,87.63,delivered,2024-03-18,2024-03-20 08:09:00
50005,SKU-1025,patricia5439@outlook.com,1,105.43,delivered,2024-03-06,2024-03-09 08:02:00
50035,SKU-1011,paul1260@proton.me,1,87.63,delivered,2024-06-30,2024-07-03 09:41:00
50026,SKU-1003,patricia1230@mail.com,5,78.48,delivered,2024-05-03,2024-05-06 08:28:00
50193,SKU-1029,paul6078@outlook.com,5,90.94,cancelled,2024-06-20,2024-06-22 13:20:00
50092,SKU-1005,joseph5670@proton.me,1,12.22,delivered,2024-10-16,2024-10-19 11:10:00
50192,SKU-1004,paul9874@mail.com,5,76.62,delivered,2024-01-05,2024-01-07 12:35:00
50058,SKU-1013,david9697@proton.me,2,5.18,shipped,2024-08-13,2024-08-16 18:48:00
50227,SKU-1022,jessica1859@gmail.com,2,95.44,delivered,2024-01-10,2024-01-12 15:25:00
50216,SKU-1007,sarah1354@mail.com,5,62.48,delivered,2024-09-22,2024-09-23 12:23:00
50284,SKU-1005,ashley8477@outlook.com,4,12.22,delivered,2024-02-11,2024-02-13 09:56:00
50239,SKU-1019,william4962@proton.me,4,46.47,shipped,2024-02-13,2024-02-15 12:46:00
50033,SKU-1005,david9697@proton.me,1,12.22,delivered,2024-03-12,2024-03-15 08:33:00
50214,SKU-1023,george5532@proton.me,4,63.38,cancelled,2024-10-12,2024-10-15 13:43:00
50274,SKU-1023,robert3867@outlook.com,3,63.38,delivered,2024-07-15,2024-07-18 19:53:00
50069,SKU-1027,karen7431@gmail.com,1,49.49,cancelled,2024-07-29,2024-07-30 10:48:00
50261,SKU-1018,betty5151@outlook.com,3,65.2,cancelled,2024-03-28,2024-03-31 18:04:00
50155,SKU-1013,paul571@yahoo.com,3,5.18,pending,2024-10-21,2024-10-21 16:00:00
50043,SKU-1023,andrew6525@proton.me,5,63.38,cancelled,2024-09-04,2024-09-06 13:53:00
50228,SKU-1007,matthew1064@proton.me,4,62.48,delivered,2024-06-26,2024-06-27 13:57:00
50003,SKU-1028,ashley606@outlook.com,4,47.93,delivered,2024-01-25,2024-01-27 13:02:00
50230,SKU-1027,david9697@proton.me,5,49.49,delivered,2024-10-24,2024-10-26 19:45:00
50266,SKU-1013,matthew8946@outlook.com,3,5.18,cancelled,2024-05-24,2024-05-27 14:40:00
50015,SKU-1003,jessica1699@proton.me,4,78.48,shipped,2024-01-20,2024-01-21 13:10:00
50096,SKU-1023,barbara8177@proton.me,2,63.38,cancelled,2024-06-21,2024-06-22 18:37:00
50213,SKU-1023,richard718@yahoo.com,2,63.38,delivered,2024-12-28,2024-12-29 11:33:00
50180,SKU-1002,john5171@outlook.com,4,32.42,delivered,2024-02-15,2024-02-16 18:31:00
50022,SKU-1014,charles1293@outlook.com,1,45.57,delivered,2024-02-16,2024-02-18 12:52:00
50196,SKU-1000,barbara2115@mail.com,1,32.33,delivered,2024-02-02,2024-02-04 16:48:00
50011,SKU-1001,paul1439@outlook.com,4,19.01,delivered,2024-07-21,2024-07-24 12:47:00
50038,SKU-1024,david9697@proton.me,2,7.34,delivered,2024-12-12,2024-12-13 09:27:00
50073,SKU-1012,kevin1531@proton.me,1,38.5,shipped,2024-03-20,2024-03-23 18:41:00
50283,SKU-1013,donna2508@outlook.com,1,5.18,cancelled,2024-09-20,2024-09-21 16:14:00
50166,SKU-1021,joseph5670@proton.me,2,67.57,delivered,2024-07-05,2024-07-06 20:39:00
50187,SKU-1023,paul1260@proton.me,2,63.38,delivered,2024-10-20,2024-10-21 15:47:00
50006,SKU-1019,karen7431@gmail.com,1,46.47,cancelled,2024-06-16,2024-06-18 13:43:00
50029,SKU-1016,ashley9039@yahoo.com,5,26.54,delivered,2024-10-14,2024-10-16 13:05:00
50039,SKU-1015,matthew8946@outlook.com,2,70.63,delivered,2024-06-16,2024-06-19 12:51:00
50163,SKU-1009,daniel1216@mail.com,5,77.67,delivered,2024-08-24,2024-08-26 10:57:00
50029,SKU-1004,ashley9039@yahoo.com,5,76.62,delivered,2024-10-14,2024-10-15 12:24:00
50046,SKU-1021,john5171@outlook.com,2,67.57,cancelled,2024-05-29,2024-05-31 11:16:00
50080,SKU-1023,lisa6273@proton.me,5,63.38,delivered,2024-06-13,2024-06-14 11:51:00
50044,SKU-1026,brian1209@yahoo.com,4,10.01,shipped,2024-06-17,2024-06-20 19:12:00
50117,SKU-1016,barbara8177@proton.me,3,26.54,delivered,2024-08-26,2024-08-28 18:45:00
50085,SKU-1027,daniel1216@mail.com,1,49.49,shipped,2024-04-16,2024-04-18 14:32:00
50050,SKU-1000,barbara2210@gmail.com,2,32.33,delivered,2024-06-02,2024-06-04 18:06:00
50045,SKU-1008,lisa6273@proton.me,5,66.65,delivered,2024-10-21,2024-10-24 16:11:00
50285,SKU-1000,barbara7613@mail.com,4,32.33,delivered,2024-03-12,2024-03-15 11:31:00
50042,SKU-1024,jessica1859@gmail.com,2,7.34,shipped,2024-01-07,2024-01-10 14:10:00
50250,SKU-1010,barbara8938@outlook.com,4,71.13,delivered,2024-02-03,2024-02-06 08:17:00
50256,SKU-1022,paul1439@outlook.com,4,95.44,delivered,2024-10-04,2024-10-05 10:01:00
50063,SKU-1027,donna2508@outlook.com,3,49.49,shipped,2024-08-20,2024-08-22 11:31:00
50133,SKU-1014,jessica1859@gmail.com,3,45.57,shipped,2024-08-21,2024-08-22 08:54:00
50200,SKU-1000,betty5151@outlook.com,5,32.33,delivered,2024-06-25,2024-06-27 20:18:00
50295,SKU-1029,richard2010@yahoo.com,3,90.94,delivered,2024-05-08,2024-05-11 18:57:00
50269,SKU-1022,john465@gmail.com,2,95.44,shipped,2024-01-20,2024-01-22 19:05:00
50278,SKU-1028,john465@gmail.com,3,47.93,cancelled,2024-07-11,2024-07-14 10:16:00
50119,SKU-1001,amanda1413@gmail.com,3,19.01,delivered,2024-05-12,2024-05-15 13:32:00
50134,SKU-1023,matthew1064@proton.me,1,63.38,delivered,2024-06-17,2024-06-20 20:10:00
50184,SKU-1012,john9914@yahoo.com,1,38.5,cancelled,2024-09-19,2024-09-21 09:16:00
50251,SKU-1009,robert3867@outlook.com,4,77.67,delivered,2024-09-11,2024-09-13 16:01:00
50046,SKU-1015,john5171@outlook.com,5,70.63,cancelled,2024-05-29,2024-05-31 09:28:00
50292,SKU-1016,jennifer7056@proton.me,1,26.54,delivered,2024-04-15,2024-04-16 10:39:00
50234,SKU-1000,barbara7613@mail.com,4,32.33,cancelled,2024-04-25,2024-04-26 10:59:00
50177,SKU-1022,matthew1107@outlook.com,3,95.44,shipped,2024-09-23,2024-09-26 14:36:00
50250,SKU-1026,barbara8938@outlook.com,2,10.01,cancelled,2024-02-03,2024-02-05 18:34:00
50040,SKU-1022,paul1260@proton.me,1,95.44,shipped,2024-02-12,2024-02-14 09:05:00
50292,SKU-1014,jennifer7056@proton.me,1,45.57,shipped,2024-04-15,2024-04-18 15:39:00
50202,SKU-1000,patricia2590@mail.com,1,32.33,cancelled,2024-05-19,2024-05-20 09:09:00
50201,SKU-1007,richard2276@yahoo.com,5,62.48,shipped,2024-11-26,2024-11-29 11:33:00
50256,SKU-1008,paul1439@outlook.com,2,66.65,delivered,2024-10-04,2024-10-06 17:15:00
50069,SKU-1028,karen7431@gmail.com,3,47.93,delivered,2024-07-29,2024-08-01 08:54:00
50083,SKU-1014,paul571@yahoo.com,4,45.57,shipped,2024-01-23,2024-01-25 13:59:00
50193,SKU-1011,paul6078@outlook.com,4,87.63,delivered,2024-06-20,2024-06-22 13:01:00
50056,SKU-1001,thomas4265@mail.com,4,19.01,cancelled,2024-04-05,2024-04-08 16:41:00
50083,SKU-1022,paul571@yahoo.com,1,95.44,delivered,2024-01-23,2024-01-26 09:37:00
50036,SKU-1018,donna6731@mail.com,2,65.2,cancelled,2024-09-12,2024-09-15 08:14:00
50241,SKU-1015,ashley8477@outlook.com,4,70.63,cancelled,2024-01-07,2024-01-08 17:42:00
50132,SKU-1000,andrew908@gmail.com,5,32.33,delivered,2024-12-18,2024-12-19 09:49:00
50157,SKU-1023,mary2340@proton.me,2,63.38,shipped,2024-09-30,2024-10-03 12:40:00
50187,SKU-1021,paul1260@proton.me,3,67.57,delivered,2024-10-20,2024-10-23 11:55:00
50275,SKU-1008,richard2276@yahoo.com,4,66.65,cancelled,2024-07-13,2024-07-15 08:18:00
50108,SKU-1023,jennifer7056@proton.me,5,63.38,cancelled,2024-11-17,2024-11-18 20:44:00
50198,SKU-1010,barbara7613@mail.com,5,71.13,cancelled,2024-01-15,2024-01-18 17:29:00
50261,SKU-1004,betty5151@outlook.com,2,76.62,delivered,2024-03-28,2024-03-30 17:26:00
50005,SKU-1011,patricia5439@outlook.com,2,87.63,cancelled,2024-03-06,2024-03-08 20:09:00
50268,SKU-1019,steven4013@mail.com,4,46.47,cancelled,2024-12-22,2024-12-24 16:52:00
50136,SKU-1015,emily6019@proton.me,5,70.63,delivered,2024-12-16,2024-12-19 13:00:00
50219,SKU-1010,william4962@proton.me,3,71.13,delivered,2024-06-05,2024-06-08 17:09:00
50204,SKU-1005,andrew6525@proton.me,1,12.22,delivered,2024-07-19,2024-07-21 14:53:00
50034,SKU-1000,patricia2590@mail.com,1,32.33,delivered,2024-01-31,2024-02-01 09:58:00
50140,SKU-1017,steven4013@mail.com,5,81.84,cancelled,2024-02-16,2024-02-18 16:49:00
50104,SKU-1000,jessica1859@gmail.com,5,32.33,cancelled,2024-02-14,2024-02-17 12:05:00
50254,SKU-1010,anthony9203@gmail.com,6,71.13,pending,2024-10-22,2024-10-22 13:00:00
50120,SKU-1017,emily6019@proton.me,5,81.84,shipped,2024-08-29,2024-08-31 13:16:00
50123,SKU-1015,daniel4844@outlook.com,4,70.63,cancelled,2024-04-17,2024-04-18 10:39:00
50206,SKU-1025,donna6731@mail.com,2,105.43,delivered,2024-04-30,2024-05-02 20:05:00
50061,SKU-1007,emily6019@proton.me,2,62.48,cancelled,2024-05-21,2024-05-24 13:53:00
50246,SKU-1014,nancy3061@mail.com,2,45.57,cancelled,2024-01-01,2024-01-04 20:07:00
50034,SKU-1021,patricia2590@mail.com,1,67.57,shipped,2024-01-31,2024-02-03 14:00:00
50068,SKU-1012,emily6019@proton.me,1,38.5,delivered,2024-12-21,2024-12-22 16:36:00
50072,SKU-1020,joseph5670@proton.me,4,114.64,delivered,2024-07-22,2024-07-24 14:44:00
50197,SKU-1002,patricia2590@mail.com,2,32.42,shipped,2024-05-14,2024-05-16 12:14:00
50029,SKU-1017,ashley9039@yahoo.com,3,81.84,delivered,2024-10-14,2024-10-15 12:13:00
50202,SKU-1006,patricia2590@mail.com,2,101.22,delivered,2024-05-19,2024-05-20 16:01:00
50112,SKU-1029,brian1209@yahoo.com,5,90.94,shipped,2024-04-06,2024-04-08 19:31:00
50259,SKU-1028,mary2340@proton.me,3,47.93,shipped,2024-04-28,2024-04-29 19:58:00
50018,SKU-1008,susan9374@mail.com,2,66.65,delivered,2024-06-03,2024-06-06 13:44:00
50137,SKU-1017,richard2276@yahoo.com,4,81.84,shipped,2024-06-26,2024-06-28 10:04:00
50161,SKU-1004,donna2508@outlook.com,4,76.62,shipped,2024-10-24,2024-10-25 13:31:00
50276,SKU-1023,susan9374@mail.com,5,63.38,delivered,2024-12-01,2024-12-02 14:06:00
50263,SKU-1002,paul9874@mail.com,1,32.42,delivered,2024-08-15,2024-08-17 15:41:00
50020,SKU-1021,lisa8407@yahoo.com,5,67.57,cancelled,2024-10-02,2024-10-05 20:05:00
50269,SKU-1018,john465@gmail.com,3,65.2,delivered,2024-01-20,2024-01-23 08:57:00
50289,SKU-1003,michelle9377@outlook.com,2,78.48,delivered,2024-12-13,2024-12-16 10:20:00
50047,SKU-1020,lisa6273@proton.me,1,114.64,shipped,2024-02-25,2024-02-27 09:00:00
50177,SKU-1025,matthew1107@outlook.com,2,105.43,cancelled,2024-09-23,2024-09-26 14:48:00
50046,SKU-1004,john5171@outlook.com,5,76.62,processing,2024-05-29,2024-05-29 19:00:00
50052,SKU-1018,karen7431@gmail.com,1,65.2,delivered,2024-01-15,2024-01-17 20:45:00
50022,SKU-1001,charles1293@outlook.com,3,19.01,delivered,2024-02-16,2024-02-19 15:43:00
50300,SKU-1007,susan4679@mail.com,4,62.48,delivered,2024-05-06,2024-05-08 08:02:00
50058,SKU-1003,david9697@proton.me,5,78.48,processing,2024-08-13,2024-08-13 15:00:00
50100,SKU-1023,john9914@yahoo.com,4,63.38,cancelled,2024-06-28,2024-06-29 08:24:00
50006,SKU-1005,karen7431@gmail.com,3,12.22,cancelled,2024-06-16,2024-06-19 12:37:00
50217,SKU-1012,john9914@yahoo.com,1,38.5,cancelled,2024-04-29,2024-05-02 18:19:00
50281,SKU-1001,paul6078@outlook.com,3,19.01,cancelled,2024-08-14,2024-08-15 09:36:00
50144,SKU-1019,richard2276@yahoo.com,3,46.47,shipped,2024-09-15,2024-09-16 12:25:00
50248,SKU-1012,richard2010@yahoo.com,2,38.5,delivered,2024-12-17,2024-12-20 08:53:00
50182,SKU-1000,emily431@outlook.com,1,32.33,shipped,2024-12-08,2024-12-10 14:36:00
50239,SKU-1023,william4962@proton.me,4,63.38,delivered,2024-02-13,2024-02-14 14:35:00
50099,SKU-1028,thomas4265@mail.com,2,47.93,delivered,2024-06-26,2024-06-27 12:13:00
50168,SKU-1021,paul6078@outlook.com,5,67.57,shipped,2024-02-02,2024-02-05 13:06:00
50214,SKU-1024,george5532@proton.me,2,7.34,cancelled,2024-10-12,2024-10-15 13:42:00
50185,SKU-1025,mary2340@proton.me,5,105.43,delivered,2024-11-20,2024-11-22 13:33:00
50220,SKU-1024,ashley606@outlook.com,3,7.34,delivered,2024-03-19,2024-03-21 10:08:00
50140,SKU-1016,steven4013@mail.com,2,26.54,cancelled,2024-02-16,2024-02-18 08:52:00
50227,SKU-1012,jessica1859@gmail.com,4,38.5,delivered,2024-01-10,2024-01-11 11:32:00
50025,SKU-1014,andrew3674@gmail.com,4,45.57,delivered,2024-09-29,2024-09-30 20:42:00
50190,SKU-1022,paul9874@mail.com,3,95.44,shipped,2024-12-17,2024-12-19 17:06:00
50107,SKU-1028,amanda1413@gmail.com,2,47.93,delivered,2024-09-24,2024-09-25 20:28:00
50042,SKU-1002,jessica1859@gmail.com,2,32.42,delivered,2024-01-07,2024-01-09 12:31:00
50010,SKU-1017,lisa6273@proton.me,2,81.84,cancelled,2024-04-08,2024-04-10 20:18:00
50093,SKU-1025,robert3867@outlook.com,5,105.43,delivered,2024-12-02,2024-12-05 19:22:00
50244,SKU-1009,john5171@outlook.com,5,77.67,shipped,2024-07-13,2024-07-15 19:44:00
50190,SKU-1003,paul9874@mail.com,1,78.48,delivered,2024-12-17,2024-12-19 19:00:00
50066,SKU-1000,richard4688@outlook.com,2,32.33,delivered,2024-12-01,2024-12-02 15:04:00
50160,SKU-1009,elizabeth2805@proton.me,1,77.67,delivered,2024-11-26,2024-11-29 09:16:00
50110,SKU-1019,paul6078@outlook.com,3,46.47,shipped,2024-07-29,2024-08-01 15:58:00
50248,SKU-1023,richard2010@yahoo.com,4,63.38,cancelled,2024-12-17,2024-12-19 13:59:00
50044,SKU-1013,brian1209@yahoo.com,3,5.18,shipped,2024-06-17,2024-06-20 17:08:00
50181,SKU-1025,richard9025@outlook.com,4,105.43,shipped,2024-04-13,2024-04-14 09:17:00
50241,SKU-1025,ashley8477@outlook.com,5,105.43,delivered,2024-01-07,2024-01-08 16:17:00
50243,SKU-1021,daniel1681@gmail.com,3,67.57,delivered,2024-04-01,2024-04-03 19:37:00
50114,SKU-1027,david2853@outlook.com,2,49.49,shipped,2024-05-03,2024-05-04 18:14:00
50101,SKU-1011,ashley9039@yahoo.com,1,87.63,delivered,2024-03-26,2024-03-27 13:16:00
50136,SKU-1003,emily6019@proton.me,5,78.48,delivered,2024-12-16,2024-12-19 13:33:00
50001,SKU-1019,andrew908@gmail.com,1,46.47,shipped,2024-07-31,2024-08-02 11:29:00
50009,SKU-1001,karen7431@gmail.com,5,19.01,shipped,2024-09-13,2024-09-14 15:58:00
50084,SKU-1006,daniel1216@mail.com,5,101.22,shipped,2024-06-11,2024-06-13 14:07:00
50178,SKU-1011,george5532@proton.me,1,87.63,delivered,2024-10-09,2024-10-12 10:54:00
50212,SKU-1022,richard2276@yahoo.com,1,95.44,shipped,2024-10-19,2024-10-21 20:40:00
50190,SKU-1016,paul9874@mail.com,5,26.54,shipped,2024-12-17,2024-12-20 12:11:00
50117,SKU-1018,barbara8177@proton.me,5,65.2,shipped,2024-08-26,2024-08-29 13:35:00
50221,SKU-1017,emily6019@proton.me,5,81.84,delivered,2024-12-23,2024-12-26 17:47:00
50116,SKU-1008,jessica1699@proton.me,3,66.65,cancelled,2024-11-03,2024-11-05 19:45:00
50015,SKU-1019,jessica1699@proton.me,3,46.47,delivered,2024-01-20,2024-01-21 16:29:00
50279,SKU-1024,susan4679@mail.com,3,7.34,delivered,2024-08-06,2024-08-08 08:16:00
50211,SKU-1013,betty5151@outlook.com,1,5.18,delivered,2024-11-09,2024-11-10 09:33:00
50298,SKU-1022,amanda7127@outlook.com,2,95.44,delivered,2024-05-18,2024-05-19 12:38:00
50147,SKU-1021,daniel1681@gmail.com,3,67.57,delivered,2024-05-16,2024-05-17 19:50:00
50069,SKU-1006,karen7431@gmail.com,2,101.22,delivered,2024-07-29,2024-07-31 14:20:00
50074,SKU-1009,karen7431@gmail.com,2,77.67,delivered,2024-08-20,2024-08-23 19:42:00
50048,SKU-1014,david2853@outlook.com,3,45.57,delivered,2024-08-16,2024-08-19 16:09:00
50215,SKU-1019,donna6731@mail.com,5,46.47,shipped,2024-07-30,2024-08-02 11:24:00
50178,SKU-1005,george5532@proton.me,3,12.22,cancelled,2024-10-09,2024-10-11 12:36:00
50211,SKU-1010,betty5151@outlook.com,1,71.13,delivered,2024-11-09,2024-11-10 15:12:00
50058,SKU-1013,david9697@proton.me,2,5.18,shipped,2024-08-13,2024-08-16 18:48:00
50295,SKU-1001,richard2010@yahoo.com,2,19.01,pending,2024-05-08,2024-05-08 15:00:00
50105,SKU-1008,daniel1216@mail.com,2,66.65,shipped,2024-04-05,2024-04-07 15:16:00
50243,SKU-1019,daniel1681@gmail.com,5,46.47,delivered,2024-04-01,2024-04-04 17:36:00
50156,SKU-1016,andrew6525@proton.me,4,26.54,cancelled,2024-12-24,2024-12-26 20:59:00
50002,SKU-1028,richard2276@yahoo.com,1,47.93,cancelled,2024-05-28,2024-05-30 15:01:00
50032,SKU-1006,paul6078@outlook.com,4,101.22,cancelled,2024-01-09,2024-01-11 19:41:00
50144,SKU-1022,richard2276@yahoo.com,5,95.44,shipped,2024-09-15,2024-09-18 19:56:00
50223,SKU-1004,paul1439@outlook.com,1,76.62,delivered,2024-03-27,2024-03-30 09:07:00
50025,SKU-1007,andrew3674@gmail.com,2,62.48,delivered,2024-09-29,2024-10-01 10:17:00
50130,SKU-1021,jessica1699@proton.me,5,67.57,delivered,2024-12-21,2024-12-23 09:32:00
50200,SKU-1029,betty5151@outlook.com,2,90.94,delivered,2024-06-25,2024-06-28 14:25:00
50182,SKU-1016,emily431@outlook.com,5,26.54,delivered,2024-12-08,2024-12-10 12:14:00
50116,SKU-1019,jessica1699@proton.me,3,46.47,delivered,2024-11-03,2024-11-05 13:29:00
50079,SKU-1017,paul9874@mail.com,4,81.84,delivered,2024-03-17,2024-03-20 19:41:00
50051,SKU-1017,paul9874@mail.com,4,81.84,cancelled,2024-09-21,2024-09-22 18:42:00
50032,SKU-1009,paul6078@outlook.com,2,77.67,cancelled,2024-01-09,2024-01-10 14:36:00
50227,SKU-1007,jessica1859@gmail.com,5,62.48,delivered,2024-01-10,2024-01-11 13:31:00
50222,SKU-1013,andrew6525@proton.me,2,5.18,shipped,2024-05-04,2024-05-06 13:22:00
50091,SKU-1025,amanda7127@outlook.com,4,105.43,pending,2024-08-02,2024-08-02 18:00:00
50158,SKU-1001,george5532@proton.me,3,19.01,delivered,2024-10-10,2024-10-12 11:47:00
50163,SKU-1024,daniel1216@mail.com,5,7.34,delivered,2024-08-24,2024-08-27 09:11:00
50059,SKU-1025,nancy3061@mail.com,2,105.43,delivered,2024-08-12,2024-08-13 17:08:00
50111,SKU-1009,robert7407@yahoo.com,1,77.67,delivered,2024-01-11,2024-01-13 19:43:00
50171,SKU-1006,andrew908@gmail.com,1,101.22,delivered,2024-09-03,2024-09-05 08:15:00
50159,SKU-1005,charles1293@outlook.com,1,12.22,delivered,2024-07-30,2024-08-02 12:12:00
50171,SKU-1018,andrew908@gmail.com,2,65.2,delivered,2024-09-03,2024-09-06 17:10:00
50082,SKU-1007,matthew1107@outlook.com,4,62.48,shipped,2024-03-18,2024-03-19 20:42:00
50282,SKU-1020,david2654@outlook.com,3,114.64,delivered,2024-01-10,2024-01-11 18:24:00
50213,SKU-1016,richard718@yahoo.com,2,26.54,delivered,2024-12-28,2024-12-29 12:04:00
50283,SKU-1012,donna2508@outlook.com,1,38.5,shipped,2024-09-20,2024-09-23 20:30:00
50291,SKU-1002,matthew1107@outlook.com,4,32.42,delivered,2024-01-04,2024-01-07 20:50:00
50136,SKU-1029,emily6019@proton.me,1,90.94,shipped,2024-12-16,2024-12-18 15:02:00
50134,SKU-1019,matthew1064@proton.me,3,46.47,delivered,2024-06-17,2024-06-18 13:52:00
50110,SKU-1020,paul6078@outlook.com,3,114.64,cancelled,2024-07-29,2024-07-31 08:11:00
50004,SKU-1017,george5532@proton.me,5,81.84,delivered,2024-10-18,2024-10-21 12:52:00
50216,SKU-1000,sarah1354@mail.com,3,32.33,pending,2024-09-22,2024-09-22 11:00:00
50148,SKU-1025,george5532@proton.me,2,105.43,cancelled,2024-11-27,2024-11-28 19:16:00
50142,SKU-1022,lisa8407@yahoo.com,1,95.44,processing,2024-07-20,2024-07-20 15:00:00
50164,SKU-1026,joseph5670@proton.me,5,10.01,delivered,2024-01-10,2024-01-13 17:25:00
50272,SKU-1008,john9914@yahoo.com,4,66.65,shipped,2024-05-22,2024-05-25 19:09:00
50284,SKU-1006,ashley8477@outlook.com,1,101.22,processing,2024-02-11,2024-02-11 09:00:00
50152,SKU-1028,paul1439@outlook.com,5,47.93,shipped,2024-12-08,2024-12-09 14:16:00
50140,SKU-1028,steven4013@mail.com,4,47.93,shipped,2024-02-16,2024-02-17 18:42:00
50297,SKU-1029,donna6731@mail.com,2,90.94,shipped,2024-01-28,2024-01-29 15:46:00
50021,SKU-1017,elizabeth2805@proton.me,5,81.84,cancelled,2024-02-01,2024-02-02 18:13:00
50195,SKU-1018,brian1209@yahoo.com,3,65.2,delivered,2024-05-18,2024-05-19 19:15:00
50229,SKU-1013,andrew3674@gmail.com,3,5.18,shipped,2024-02-14,2024-02-17 10:27:00
50228,SKU-1009,matthew1064@proton.me,3,77.67,delivered,2024-06-26,2024-06-28 08:35:00
50121,SKU-1027,nancy3061@mail.com,4,49.49,shipped,2024-08-25,2024-08-28 09:55:00
50189,SKU-1015,barbara2210@gmail.com,3,70.63,cancelled,2024-10-04,2024-10-07 08:32:00
50286,SKU-1010,barbara7613@mail.com,4,71.13,delivered,2024-01-09,2024-01-12 18:33:00
50150,SKU-1018,ashley606@outlook.com,4,65.2,delivered,2024-11-01,2024-11-03 16:34:00
50195,SKU-1016,brian1209@yahoo.com,1,26.54,delivered,2024-05-18,2024-05-19 10:25:00
50032,SKU-1004,paul6078@outlook.com,3,76.62,shipped,2024-01-09,2024-01-12 18:43:00
50255,SKU-1000,william8675@outlook.com,1,32.33,delivered,2024-03-21,2024-03-24 16:32:00
50258,SKU-1026,matthew1064@proton.me,1,10.01,cancelled,2024-11-11,2024-11-13 17:08:00
50289,SKU-1021,michelle9377@outlook.com,1,67.57,delivered,2024-12-13,2024-12-16 10:21:00
50205,SKU-1005,anthony9203@gmail.com,5,12.22,delivered,2024-12-14,2024-12-15 19:59:00
50031,SKU-1009,kevin1531@proton.me,1,77.67,cancelled,2024-08-26,2024-08-29 15:29:00
50008,SKU-1020,susan9374@mail.com,3,114.64,cancelled,2024-01-27,2024-01-28 08:28:00
50072,SKU-1016,joseph5670@proton.me,1,26.54,delivered,2024-07-22,2024-07-24 09:19:00
50107,SKU-1007,amanda1413@gmail.com,2,62.48,delivered,2024-09-24,2024-09-25 20:12:00
50084,SKU-1007,daniel1216@mail.com,5,62.48,delivered,2024-06-11,2024-06-12 20:49:00
50201,SKU-1008,richard2276@yahoo.com,5,66.65,shipped,2024-11-26,2024-11-28 18:47:00
50220,SKU-1018,ashley606@outlook.com,5,65.2,cancelled,2024-03-19,2024-03-21 09:25:00
50072,SKU-1022,joseph5670@proton.me,5,95.44,delivered,2024-07-22,2024-07-25 16:34:00
50243,SKU-1022,daniel1681@gmail.com,3,95.44,shipped,2024-04-01,2024-04-02 20:19:00
50230,SKU-1004,david9697@proton.me,5,76.62,delivered,2024-10-24,2024-10-26 20:09:00
50021,SKU-1018,elizabeth2805@proton.me,5,65.2,cancelled,2024-02-01,2024-02-02 10:20:00
50125,SKU-1004,paul1439@outlook.com,2,76.62,delivered,2024-12-21,2024-12-24 17:19:00
50033,SKU-1028,david9697@proton.me,1,47.93,delivered,2024-03-12,2024-03-13 18:14:00
50138,SKU-1001,richard2010@yahoo.com,4,19.01,delivered,2024-05-03,2024-05-06 18:24:00
50171,SKU-1020,andrew908@gmail.com,5,114.64,delivered,2024-09-03,2024-09-04 16:25:00
50083,SKU-1011,paul571@yahoo.com,2,87.63,shipped,2024-01-23,2024-01-25 18:08:00
50234,SKU-1029,barbara7613@mail.com,4,90.94,delivered,2024-04-25,2024-04-28 13:55:00
50154,SKU-1026,lisa8407@yahoo.com,4,10.01,delivered,2024-12-09,2024-12-12 19:49:00
50005,SKU-1017,patricia5439@outlook.com,6,81.84,pending,2024-03-06,2024-03-06 16:00:00
50118,SKU-1028,richard9025@outlook.com,3,47.93,delivered,2024-03-17,2024-03-20 14:42:00
50294,SKU-1006,patricia1230@mail.com,1,101.22,delivered,2024-08-25,2024-08-26 10:42:00
50209,SKU-1009,william4962@proton.me,2,77.67,delivered,2024-02-05,2024-02-08 16:24:00
50258,SKU-1006,matthew1064@proton.me,4,101.22,cancelled,2024-11-11,2024-11-12 15:19:00
50048,SKU-1021,david2853@outlook.com,3,67.57,shipped,2024-08-16,2024-08-17 19:09:00
50014,SKU-1009,barbara2115@mail.com,2,77.67,shipped,2024-11-30,2024-12-02 20:31:00
50184,SKU-1014,john9914@yahoo.com,5,45.57,delivered,2024-09-19,2024-09-21 18:29:00
50277,SKU-1023,daniel1216@mail.com,2,63.38,delivered,2024-12-16,2024-12-17 17:42:00
50040,SKU-1012,paul1260@proton.me,4,38.5,shipped,2024-02-12,2024-02-15 10:47:00
50263,SKU-1012,paul9874@mail.com,5,38.5,cancelled,2024-08-15,2024-08-16 18:52:00
50131,SKU-1008,steven4013@mail.com,4,66.65,delivered,2024-04-11,2024-04-12 08:35:00
50170,SKU-1016,donna2508@outlook.com,3,26.54,delivered,2024-06-25,2024-06-28 11:26:00
50276,SKU-1021,susan9374@mail.com,1,67.57,delivered,2024-12-01,2024-12-04 08:43:00
50214,SKU-1003,george5532@proton.me,2,78.48,cancelled,2024-10-12,2024-10-13 10:50:00
50053,SKU-1010,david7273@outlook.com,4,71.13,shipped,2024-10-01,2024-10-02 12:42:00
50176,SKU-1025,barbara2210@gmail.com,4,105.43,delivered,2024-07-08,2024-07-10 10:16:00
50217,SKU-1002,john9914@yahoo.com,1,32.42,shipped,2024-04-29,2024-05-02 11:46:00
50287,SKU-1015,donna2508@outlook.com,2,70.63,delivered,2024-03-13,2024-03-16 08:15:00
50111,SKU-1008,robert7407@yahoo.com,4,66.65,shipped,2024-01-11,2024-01-12 12:47:00
50182,SKU-1006,emily431@outlook.com,5,101.22,shipped,2024-12-08,2024-12-11 16:58:00
50113,SKU-1027,joseph5670@proton.me,3,49.49,shipped,2024-06-08,2024-06-10 19:12:00
50268,SKU-1016,steven4013@mail.com,3,26.54,delivered,2024-12-22,2024-12-24 16:36:00
50245,SKU-1016,steven4013@mail.com,4,26.54,cancelled,2024-08-06,2024-08-09 19:40:00
50127,SKU-1012,kevin4758@outlook.com,5,38.5,delivered,2024-03-04,2024-03-07 12:49:00
50194,SKU-1009,steven4151@gmail.com,4,77.67,delivered,2024-08-16,2024-08-19 17:36:00
50207,SKU-1020,richard4688@outlook.com,1,114.64,cancelled,2024-09-12,2024-09-14 19:12:00
50280,SKU-1004,donna2508@outlook.com,2,76.62,delivered,2024-04-01,2024-04-04 20:27:00
50002,SKU-1007,richard2276@yahoo.com,3,62.48,delivered,2024-05-28,2024-05-30 17:46:00
50056,SKU-1027,thomas4265@mail.com,4,49.49,cancelled,2024-04-05,2024-04-08 15:26:00
50121,SKU-1018,nancy3061@mail.com,5,65.2,cancelled,2024-08-25,2024-08-26 13:26:00
50177,SKU-1020,matthew1107@outlook.com,1,114.64,delivered,2024-09-23,2024-09-25 14:23:00
50052,SKU-1014,karen7431@gmail.com,2,45.57,delivered,2024-01-15,2024-01-17 14:00:00
50293,SKU-1019,nancy3061@mail.com,5,46.47,delivered,2024-04-08,2024-04-10 20:34:00
50192,SKU-1015,paul9874@mail.com,3,70.63,cancelled,2024-01-05,2024-01-08 16:34:00
50154,SKU-1017,lisa8407@yahoo.com,3,81.84,delivered,2024-12-09,2024-12-10 10:50:00
50009,SKU-1027,karen7431@gmail.com,5,49.49,shipped,2024-09-13,2024-09-14 16:13:00
50043,SKU-1008,andrew6525@proton.me,5,66.65,delivered,2024-09-04,2024-09-07 15:38:00
50115,SKU-1027,ashley9039@yahoo.com,2,49.49,delivered,2024-11-29,2024-12-02 08:30:00
50203,SKU-1010,william9033@proton.me,1,71.13,shipped,2024-07-09,2024-07-10 20:09:00
50059,SKU-1006,nancy3061@mail.com,3,101.22,cancelled,2024-08-12,2024-08-15 17:44:00
50205,SKU-1020,anthony9203@gmail.com,3,114.64,delivered,2024-12-14,2024-12-16 15:40:00
50173,SKU-1018,ashley9039@yahoo.com,3,65.2,cancelled,2024-04-22,2024-04-23 19:43:00
50143,SKU-1018,andrew908@gmail.com,5,65.2,shipped,2024-10-26,2024-10-28 18:38:00
50053,SKU-1006,david7273@outlook.com,4,101.22,delivered,2024-10-01,2024-10-04 14:39:00
50133,SKU-1003,jessica1859@gmail.com,2,78.48,delivered,2024-08-21,2024-08-22 08:54:00
50143,SKU-1022,andrew908@gmail.com,2,95.44,delivered,2024-10-26,2024-10-27 19:52:00
50252,SKU-1027,robert7407@yahoo.com,4,49.49,cancelled,2024-04-07,2024-04-08 19:02:00
50012,SKU-1017,kevin1531@proton.me,5,81.84,delivered,2024-04-13,2024-04-14 08:42:00
50269,SKU-1011,john465@gmail.com,5,87.63,delivered,2024-01-20,2024-01-22 16:05:00
50213,SKU-1001,richard718@yahoo.com,5,19.01,cancelled,2024-12-28,2024-12-29 19:14:00
50078,SKU-1008,daniel4844@outlook.com,1,66.65,delivered,2024-10-17,2024-10-20 16:00:00
50068,SKU-1023,emily6019@proton.me,2,63.38,delivered,2024-12-21,2024-12-23 13:46:00
50142,SKU-1006,lisa8407@yahoo.com,5,101.22,delivered,2024-07-20,2024-07-22 18:37:00
50101,SKU-1028,ashley9039@yahoo.com,4,47.93,delivered,2024-03-26,2024-03-28 09:53:00
50170,SKU-1000,donna2508@outlook.com,5,32.33,delivered,2024-06-25,2024-06-26 10:23:00
50044,SKU-1027,brian1209@yahoo.com,3,49.49,cancelled,2024-06-17,2024-06-18 14:20:00
50217,SKU-1018,john9914@yahoo.com,5,65.2,delivered,2024-04-29,2024-05-01 10:31:00
50121,SKU-1001,nancy3061@mail.com,4,19.01,delivered,2024-08-25,2024-08-28 17:04:00
50015,SKU-1018,jessica1699@proton.me,5,65.2,cancelled,2024-01-20,2024-01-22 12:29:00
50041,SKU-1002,kevin4758@outlook.com,3,32.42,cancelled,2024-08-15,2024-08-18 17:50:00
50091,SKU-1020,amanda7127@outlook.com,4,114.64,shipped,2024-08-02,2024-08-05 20:01:00
50058,SKU-1003,david9697@proton.me,3,78.48,delivered,2024-08-13,2024-08-14 15:16:00
50056,SKU-1019,thomas4265@mail.com,2,46.47,cancelled,2024-04-05,2024-04-06 15:08:00
50113,SKU-1027,joseph5670@proton.me,4,49.49,processing,2024-06-08,2024-06-08 17:00:00
50252,SKU-1016,robert7407@yahoo.com,1,26.54,shipped,2024-04-07,2024-04-10 16:07:00
50264,SKU-1009,barbara8938@outlook.com,3,77.67,cancelled,2024-03-16,2024-03-18 17:50:00
50269,SKU-1003,john465@gmail.com,1,78.48,shipped,2024-01-20,2024-01-21 15:40:00
50065,SKU-1014,daniel1681@gmail.com,3,45.57,delivered,2024-03-04,2024-03-07 10:56:00
50068,SKU-1007,emily6019@proton.me,2,62.48,delivered,2024-12-21,2024-12-22 14:49:00
50110,SKU-1015,paul6078@outlook.com,4,70.63,delivered,2024-07-29,2024-07-30 17:38:00
