,phone,email,contact_id,source,first_name,last_name,company,job_title,created_at
0,+1-555-100-1985,matthew.miller669@yahoo.com,222,web_form,Matthew,Miller,Soylent,Designer,2023-11-27
1,+1-555-102-7997,betty.martin905@mail.com,12,crm,Betty,Martin,Cyberdyne,Manager,2024-12-14
2,+1-555-103-4654,susan.jackson508@yahoo.com,29,crm,Susan,Jackson,Wonka Co,Director,2023-09-06
3,+1-555-104-1156,michelle.jones624@mail.com,226,web_form,Michelle,Jones,Cyberdyne,Engineer,2024-10-31
4,+1-555-108-5906,betty.harris935@outlook.com,88,web_form,Betty,Harris,Hooli,Consultant,2023-03-27
5,+1-555-110-8428,jessica.white807@proton.me,80,newsletter,Jessica,White,Wayne Enterprises,Developer,2024-03-14
6,+1-555-118-6878,carol.robinson571@gmail.com,38,crm,Carol,Robinson,Hooli,Consultant,2024-10-23
7,+1-555-121-3643,amanda.young460@mail.com,213,web_form,Amanda,Young,Hooli,Director,2023-03-07
8,+1-555-144-1486,barbara.hernandez935@outlook.com,220,newsletter,Barbara,Hernandez,Umbrella Ltd,Director,2024-01-26
9,+1-555-148-3043,john.lewis363@gmail.com,64,web_form,John,Lewis,Soylent,Designer,2023-12-18
10,+1-555-161-3091,patricia.brown141@gmail.com,35,web_form,Patricia,Brown,Hooli,Coordinator,2023-07-29
11,+1-555-165-5388,richard.moore324@proton.me,175,web_form,Richard,Moore,Cyberdyne,Accountant,2023-07-26
12,+1-555-171-8449,lisa.hernandez299@proton.me,215,web_form,Lisa,Hernandez,Acme Corp,Consultant,2024-02-19
13,+1-555-173-6902,joseph.brown101@gmail.com,127,crm,Joseph,Brown,Acme Corp,Sales Rep,2024-03-19
14,+1-555-174-8184,nancy.robinson814@yahoo.com,169,crm,Nancy,Robinson,Umbrella Ltd,Designer,2024-11-20
15,+1-555-175-6863,brian.anderson372@gmail.com,113,crm,Brian,Anderson,Acme Corp,Sales Rep,2024-12-04
16,+1-555-183-2511,joseph.lopez849@mail.com,33,web_form,Joseph,Lopez,Acme Corp,Accountant,2024-11-17
17,+1-555-186-6542,linda.robinson967@gmail.com,214,newsletter,Linda,Robinson,Stark Industries,Accountant,2023-03-10
18,+1-555-187-1994,ashley.martinez593@gmail.com,128,newsletter,Ashley,Martinez,Acme Corp,Accountant,2024-08-24
19,+1-555-191-7711,nancy.smith153@outlook.com,239,crm,Nancy,Smith,Wonka Co,Coordinator,2024-11-20
20,+1-555-195-3808,sandra.garcia@massive.com,56,newsletter,Sandra,Garcia,Globex,Sales Rep,2023-08-06
21,+1-555-201-6243,mark.lopez306@mail.com,90,web_form,Mark,Lopez,Initech,Accountant,2023-09-02
22,+1-555-203-1343,carol.lopez181@outlook.com,84,newsletter,Carol,Lopez,Cyberdyne,Engineer,2023-01-07
23,+1-555-207-6371,linda.young533@yahoo.com,131,web_form,Linda,Young,Vandelay,Coordinator,2023-04-28
24,+1-555-208-2669,sandra.jackson986@gmail.com,212,crm,Sandra,Jackson,Vandelay,Manager,2024-09-24
25,+1-555-211-6387,carol.garcia193@mail.com,146,crm,Carol,Garcia,Massive Dynamic,Developer,2023-06-08
26,+1-555-212-2980,thomas.jones873@mail.com,30,crm,Thomas,Jones,Stark Industries,Coordinator,2023-06-24
27,+1-555-216-4714,jennifer.williams346@mail.com,154,newsletter,Jennifer,Williams,Globex,Sales Rep,2024-12-29
28,+1-555-219-9106,joseph.wilson911@mail.com,209,crm,Joseph,Wilson,Massive Dynamic,Consultant,2023-05-27
29,+1-555-220-4483,matthew.garcia884@proton.me,53,web_form,Matthew,Garcia,Soylent,Developer,2023-05-24
30,+1-555-223-9713,susan.harris919@gmail.com,211,newsletter,Susan,Harris,Initech,Manager,2024-11-09
31,+1-555-229-9337,amanda.lopez927@proton.me,49,web_form,Amanda,Lopez,Hooli,Consultant,2023-10-31
32,+1-555-230-5253,lisa.nguyen132@gmail.com,187,crm,Lisa,Nguyen,Wayne Enterprises,Coordinator,2024-11-20
33,+1-555-232-9789,mark.martinez161@gmail.com,3,crm,Mark,Martinez,Massive Dynamic,Sales Rep,2024-11-20
34,+1-555-233-4107,elizabeth.davis122@yahoo.com,180,crm,Elizabeth,Davis,Umbrella Ltd,Sales Rep,2023-07-29
35,+1-555-237-2376,mary.davis564@gmail.com,107,web_form,Mary,Davis,Hooli,Developer,2024-10-12
36,+1-555-242-3518,daniel.sanchez582@gmail.com,72,crm,Daniel,Sanchez,Stark Industries,Coordinator,2024-04-25
37,+1-555-245-7910,elizabeth.johnson811@yahoo.com,28,web_form,Elizabeth,Johnson,Acme Corp,Designer,2023-05-08
38,+1-555-257-6026,mary.johnson787@gmail.com,73,crm,Mary,Johnson,Wayne Enterprises,Engineer,2024-01-22
39,+1-555-257-6959,william.garcia751@gmail.com,37,newsletter,William,Garcia,Stark Industries,Engineer,2023-07-07
40,+1-555-266-2717,paul.nguyen429@outlook.com,43,crm,Paul,Nguyen,Soylent,Manager,2023-12-06
41,+1-555-271-2934,sandra.hill520@gmail.com,223,newsletter,Sandra,Hill,Umbrella Ltd,Consultant,2024-03-18
42,+1-555-275-6353,barbara.lopez531@gmail.com,99,web_form,Barbara,Lopez,Soylent,Accountant,2024-02-09
43,+1-555-278-9248,brian.taylor694@yahoo.com,205,web_form,Brian,Taylor,Acme Corp,Analyst,2023-12-22
44,+1-555-283-8236,mark.young392@gmail.com,5,web_form,Mark,Young,Umbrella Ltd,Designer,2023-06-21
45,+1-555-284-7798,paul.flores349@mail.com,167,newsletter,Paul,Flores,Acme Corp,Sales Rep,2023-11-12
46,+1-555-295-3258,david.harris764@outlook.com,77,crm,David,Harris,Wonka Co,Sales Rep,2024-01-26
47,+1-555-301-6394,john.smith206@outlook.com,115,crm,John,Smith,Hooli,Designer,2024-05-08
48,+1-555-304-3561,daniel.williams133@yahoo.com,148,crm,Daniel,Williams,Wayne Enterprises,Sales Rep,2024-11-20
49,+1-555-308-3332,michael.allen867@proton.me,177,crm,Michael,Allen,Stark Industries,Sales Rep,2023-06-21
50,+1-555-310-7558,ashley.sanchez827@mail.com,119,crm,Ashley,Sanchez,Initech,Manager,2024-11-11
51,+1-555-312-4596,jennifer.walker666@gmail.com,82,crm,Jennifer,Walker,Umbrella Ltd,Developer,2024-09-12
52,+1-555-314-1116,thomas.hernandez927@proton.me,160,web_form,Thomas,Hernandez,Umbrella Ltd,Accountant,2024-09-05
53,+1-555-318-4916,william.martin478@proton.me,27,crm,William,Martin,Soylent,Consultant,2024-07-06
54,+1-555-320-3999,david.walker911@outlook.com,4,newsletter,David,Walker,Wonka Co,Developer,2024-02-05
55,+1-555-324-5292,linda.smith291@yahoo.com,6,newsletter,Linda,Smith,Wonka Co,Engineer,2023-11-26
56,+1-555-335-1674,anthony.rodriguez532@outlook.com,93,crm,Anthony,Rodriguez,Wonka Co,Designer,2024-11-20
57,+1-555-351-3925,paul.lee348@proton.me,63,crm,Paul,Lee,Umbrella Ltd,Manager,2024-03-28
58,+1-555-351-8278,patricia.gonzalez282@yahoo.com,126,newsletter,Patricia,Gonzalez,Globex,Sales Rep,2024-11-06
59,+1-555-353-2766,jennifer.smith861@outlook.com,48,web_form,Jennifer,Smith,Soylent,Director,2024-01-27
60,+1-555-363-2491,andrew.perez325@mail.com,14,web_form,Andrew,Perez,Globex,Analyst,2023-02-23
61,+1-555-364-6575,karen.martinez230@mail.com,60,web_form,Karen,Martinez,Stark Industries,Manager,2024-02-05
62,+1-555-364-7152,richard.davis915@outlook.com,133,crm,Richard,Davis,Globex,Manager,2023-04-04
63,+1-555-373-3476,james.perez789@proton.me,117,newsletter,James,Perez,Wonka Co,Sales Rep,2023-06-29
64,+1-555-388-1745,karen.flores600@proton.me,147,crm,Karen,Flores,Initech,Sales Rep,2024-10-01
65,+1-555-389-2412,george.wilson637@yahoo.com,171,web_form,George,Wilson,Cyberdyne,Developer,2024-04-16
66,+1-555-390-4501,amanda.white533@proton.me,61,newsletter,Amanda,White,Globex,Sales Rep,2023-02-15
67,+1-555-392-3359,patricia.jones555@yahoo.com,91,newsletter,Patricia,Jones,Initech,Designer,2023-01-05
68,+1-555-397-8215,david.lee@umbrella.com,86,newsletter,David,Lee,Umbrella Ltd,Coordinator,2023-09-23
69,+1-555-406-6342,donna.king782@proton.me,165,crm,Donna,King,Massive Dynamic,Manager,2023-12-08
70,+1-555-407-2469,steven.rodriguez577@gmail.com,70,crm,Steven,Rodriguez,Wayne Enterprises,Analyst,2024-07-08
71,+1-555-410-5816,mary.gonzalez313@outlook.com,116,crm,Mary,Gonzalez,Soylent,Manager,2023-07-01
72,+1-555-411-7664,charles.gonzalez668@yahoo.com,153,crm,Charles,Gonzalez,Soylent,Analyst,2024-11-11
73,+1-555-412-1158,david.martinez592@yahoo.com,83,web_form,David,Martinez,Soylent,Consultant,2024-07-29
74,+1-555-420-4077,nancy.thomas349@gmail.com,190,web_form,Nancy,Thomas,Wayne Enterprises,Accountant,2024-12-24
75,+1-555-425-8037,ashley.gonzalez388@outlook.com,65,crm,Ashley,Gonzalez,Cyberdyne,Director,2023-04-04
76,+1-555-433-3973,matthew.taylor61@proton.me,228,crm,Matthew,Taylor,Acme Corp,Manager,2023-09-13
77,+1-555-435-5049,james.sanchez809@yahoo.com,234,newsletter,James,Sanchez,Acme Corp,Designer,2023-07-29
78,+1-555-436-4153,sandra.martinez465@proton.me,102,web_form,Sandra,Martinez,Globex,Analyst,2023-03-24
79,+1-555-437-6092,matthew.scott202@yahoo.com,74,web_form,Matthew,Scott,Globex,Analyst,2023-01-19
80,+1-555-442-2340,brian.nguyen402@yahoo.com,174,web_form,Brian,Nguyen,Massive Dynamic,Manager,2024-11-13
81,+1-555-442-7389,brian.lopez38@proton.me,78,web_form,Brian,Lopez,Wonka Co,Engineer,2023-08-01
82,+1-555-446-4444,elizabeth.brown389@gmail.com,118,crm,Elizabeth,Brown,Hooli,Developer,2024-05-18
83,+1-555-447-9863,emily.davis922@mail.com,232,crm,Emily,Davis,Soylent,Analyst,2024-11-20
84,+1-555-449-4450,jessica.king679@outlook.com,195,web_form,Jessica,King,Soylent,Coordinator,2024-03-13
85,+1-555-449-5698,susan.nguyen855@mail.com,229,crm,Susan,Nguyen,Vandelay,Engineer,2024-02-07
86,+1-555-451-5768,jennifer.rodriguez317@proton.me,79,web_form,Jennifer,Rodriguez,Stark Industries,Manager,2023-12-03
87,+1-555-461-7166,andrew.nguyen689@gmail.com,16,web_form,Andrew,Nguyen,Massive Dynamic,Consultant,2023-08-14
88,+1-555-467-2350,richard.young661@gmail.com,188,web_form,Richard,Young,Hooli,Sales Rep,2024-03-27
89,+1-555-471-1602,karen.sanchez240@mail.com,25,web_form,Karen,Sanchez,Hooli,Developer,2024-11-09
90,+1-555-481-7799,george.taylor88@outlook.com,227,newsletter,George,Taylor,Stark Industries,Director,2023-02-14
91,+1-555-494-2885,john.young771@proton.me,40,crm,John,Young,Hooli,Manager,2023-01-15
92,+1-555-495-5650,ashley.sanchez204@gmail.com,162,newsletter,Ashley,Sanchez,Hooli,Director,2024-01-19
93,+1-555-498-4382,sandra.hill761@gmail.com,139,web_form,Sandra,Hill,Initech,Director,2024-05-16
94,+1-555-505-4581,brian.brown884@yahoo.com,106,crm,Brian,Brown,Hooli,Accountant,2023-11-07
95,+1-555-511-1737,steven.moore622@outlook.com,224,crm,Steven,Moore,Soylent,Manager,2024-02-04
96,+1-555-512-9502,steven.thompson379@proton.me,69,web_form,Steven,Thompson,Wayne Enterprises,Designer,2024-04-17
97,+1-555-515-1194,john.walker802@mail.com,121,web_form,John,Walker,Soylent,Sales Rep,2024-09-01
98,+1-555-526-6902,james.king741@mail.com,11,web_form,James,King,Soylent,Engineer,2024-08-05
99,+1-555-529-7586,jennifer.martin997@outlook.com,108,newsletter,Jennifer,Martin,Cyberdyne,Sales Rep,2023-05-05
100,+1-555-529-7974,joseph.garcia348@yahoo.com,158,newsletter,Joseph,Garcia,Cyberdyne,Accountant,2024-05-07
101,+1-555-531-4738,betty.garcia156@proton.me,134,crm,Betty,Garcia,Initech,Accountant,2023-06-11
102,+1-555-536-8391,steven.robinson637@outlook.com,109,web_form,Steven,Robinson,Soylent,Accountant,2023-03-23
103,+1-555-542-1393,charles.young29@mail.com,132,newsletter,Charles,Young,Massive Dynamic,Consultant,2024-08-22
104,+1-555-542-7666,sandra.ramirez875@outlook.com,237,web_form,Sandra,Ramirez,Hooli,Analyst,2024-11-25
105,+1-555-544-2007,sandra.torres791@yahoo.com,7,newsletter,Sandra,Torres,Wayne Enterprises,Manager,2023-08-11
106,+1-555-548-4802,jennifer.jackson481@outlook.com,114,web_form,Jennifer,Jackson,Vandelay,Director,2024-09-11
107,+1-555-549-7811,thomas.flores126@yahoo.com,24,newsletter,Thomas,Flores,Acme Corp,Director,2024-08-05
108,+1-555-553-3385,steven.johnson967@gmail.com,204,newsletter,Steven,Johnson,Acme Corp,Sales Rep,2023-10-26
109,+1-555-555-1153,michael.robinson380@yahoo.com,18,web_form,Michael,Robinson,Umbrella Ltd,Manager,2024-10-27
110,+1-555-560-1493,george.rodriguez215@mail.com,39,web_form,George,Rodriguez,Stark Industries,Engineer,2023-10-18
111,+1-555-564-6553,ashley.ramirez587@gmail.com,67,newsletter,Ashley,Ramirez,Umbrella Ltd,Coordinator,2024-02-13
112,+1-555-565-2605,john.allen198@outlook.com,36,newsletter,John,Allen,Initech,Accountant,2023-05-20
113,+1-555-569-9456,carol.hill424@mail.com,54,web_form,Carol,Hill,Cyberdyne,Consultant,2024-10-05
114,+1-555-577-9119,sandra.white697@proton.me,152,newsletter,Sandra,White,Stark Industries,Sales Rep,2023-05-17
115,+1-555-585-4829,paul.harris741@yahoo.com,44,newsletter,Paul,Harris,Vandelay,Coordinator,2023-06-29
116,+1-555-587-4519,sandra.clark910@yahoo.com,13,newsletter,Sandra,Clark,Soylent,Analyst,2024-04-20
117,+1-555-605-5975,barbara.thomas104@mail.com,200,crm,Barbara,Thomas,Soylent,Designer,2024-11-20
118,+1-555-616-8551,jessica.gonzalez136@yahoo.com,185,crm,Jessica,Gonzalez,Soylent,Developer,2024-03-27
119,+1-555-620-7358,amanda.lewis67@yahoo.com,231,crm,Amanda,Lewis,Cyberdyne,Sales Rep,2024-04-23
120,+1-555-631-8606,elizabeth.garcia384@mail.com,81,web_form,Elizabeth,Garcia,Initech,Consultant,2023-06-18
121,+1-555-633-6582,susan.brown566@outlook.com,172,web_form,Susan,Brown,Cyberdyne,Engineer,2023-01-28
122,+1-555-634-4103,michelle.flores981@proton.me,21,newsletter,Michelle,Flores,Soylent,Sales Rep,2024-06-19
123,+1-555-635-3511,william.smith297@gmail.com,203,crm,William,Smith,Globex,Consultant,2024-09-13
124,+1-555-638-8918,thomas.davis730@outlook.com,75,newsletter,Thomas,Davis,Wonka Co,Developer,2023-07-22
125,+1-555-640-3406,brian.davis847@outlook.com,125,crm,Brian,Davis,Wonka Co,Accountant,2024-05-31
126,+1-555-645-8354,sandra.wilson941@mail.com,164,newsletter,Sandra,Wilson,Stark Industries,Manager,2024-12-05
127,+1-555-650-7942,michelle.hill173@yahoo.com,105,crm,Michelle,Hill,Vandelay,Developer,2024-03-01
128,+1-555-651-1507,betty.williams84@gmail.com,143,crm,Betty,Williams,Cyberdyne,Developer,2023-08-06
129,+1-555-657-8244,amanda.ramirez457@yahoo.com,225,crm,Amanda,Ramirez,Wonka Co,Consultant,2024-02-24
130,+1-555-660-6712,lisa.allen3@gmail.com,19,crm,Lisa,Allen,Globex,Manager,2023-03-21
131,+1-555-666-7669,andrew.young326@mail.com,186,web_form,Andrew,Young,Globex,Developer,2023-07-16
132,+1-555-672-1855,michael.lee694@gmail.com,120,newsletter,Michael,Lee,Hooli,Accountant,2023-05-08
133,+1-555-672-7051,mark.martinez34@yahoo.com,17,web_form,Mark,Martinez,Globex,Coordinator,2023-10-13
134,+1-555-674-3028,george.hill586@outlook.com,9,crm,George,Hill,Cyberdyne,Sales Rep,2024-03-28
135,+1-555-679-6499,karen.young873@proton.me,110,web_form,Karen,Young,Massive Dynamic,Designer,2023-01-25
136,+1-555-682-9197,michelle.lewis114@outlook.com,97,web_form,Michelle,Lewis,Soylent,Engineer,2023-04-15
137,+1-555-685-3575,brian.rodriguez911@mail.com,124,web_form,Brian,Rodriguez,Stark Industries,Designer,2024-08-13
138,+1-555-686-6074,patricia.sanchez428@mail.com,151,newsletter,Patricia,Sanchez,Massive Dynamic,Developer,2023-01-12
139,+1-555-688-1947,jennifer.clark677@yahoo.com,233,web_form,Jennifer,Clark,Cyberdyne,Sales Rep,2024-02-26
140,+1-555-695-7569,karen.lee486@outlook.com,34,crm,Karen,Lee,Cyberdyne,Coordinator,2024-03-10
141,+1-555-701-4325,betty.williams589@outlook.com,181,newsletter,Betty,Williams,Vandelay,Developer,2023-03-14
142,+1-555-716-8675,john.flores602@outlook.com,156,crm,John,Flores,Initech,Designer,2024-06-22
143,+1-555-725-8075,william.young57@outlook.com,176,web_form,William,Young,Globex,Analyst,2023-07-13
144,+1-555-729-5143,carol.lee994@proton.me,55,newsletter,Carol,Lee,Cyberdyne,Sales Rep,2023-11-29
145,+1-555-732-7735,elizabeth.young412@gmail.com,135,web_form,Elizabeth,Young,Umbrella Ltd,Coordinator,2023-08-31
146,+1-555-733-9877,thomas.allen@wonka.com,123,newsletter,Thomas,Allen,Massive Dynamic,Manager,2023-05-18
147,+1-555-735-2659,paul.young815@mail.com,138,crm,Paul,Young,Stark Industries,Manager,2024-09-26
148,+1-555-740-5967,brian.hill836@proton.me,41,crm,Brian,Hill,Wonka Co,Director,2023-03-10
149,+1-555-748-4829,charles.torres30@mail.com,98,newsletter,Charles,Torres,Acme Corp,Designer,2024-11-16
150,+1-555-751-7937,andrew.johnson599@mail.com,159,crm,Andrew,Johnson,Soylent,Developer,2023-03-26
151,+1-555-755-4297,charles.lee201@yahoo.com,111,crm,Charles,Lee,Globex,Consultant,2024-06-17
152,+1-555-759-2280,linda.sanchez526@proton.me,144,web_form,Linda,Sanchez,Hooli,Director,2024-06-01
153,+1-555-761-2450,amanda.harris754@outlook.com,42,newsletter,Amanda,Harris,Initech,Manager,2024-06-29
154,+1-555-767-6861,kevin.johnson447@proton.me,168,newsletter,Kevin,Johnson,Hooli,Coordinator,2023-02-08
155,+1-555-773-3369,mark.jones531@proton.me,26,crm,Mark,Jones,Acme Corp,Director,2023-10-12
156,+1-555-775-3875,jessica.young566@yahoo.com,92,newsletter,Jessica,Young,Globex,Coordinator,2024-07-03
157,+1-555-788-3293,mary.jackson292@proton.me,230,crm,Mary,Jackson,Wonka Co,Accountant,2023-01-11
158,+1-555-791-2663,thomas.king568@proton.me,157,crm,Thomas,King,Umbrella Ltd,Sales Rep,2023-08-14
159,+1-555-796-6862,sandra.martin777@outlook.com,182,newsletter,Sandra,Martin,Umbrella Ltd,Analyst,2024-01-13
160,+1-555-806-7943,steven.martinez756@yahoo.com,95,web_form,Steven,Martinez,Globex,Director,2023-03-11
161,+1-555-808-3190,thomas.perez337@gmail.com,20,crm,Thomas,Perez,Cyberdyne,Manager,2023-01-16
162,+1-555-811-8657,sarah.hill194@mail.com,62,web_form,Sarah,Hill,Massive Dynamic,Consultant,2024-10-25
163,+1-555-813-9011,barbara.lopez424@proton.me,52,web_form,Barbara,Lopez,Wayne Enterprises,Sales Rep,2023-01-13
164,+1-555-823-1826,michael.scott619@gmail.com,104,web_form,Michael,Scott,Soylent,Developer,2024-12-09
165,+1-555-825-8233,lisa.lopez161@outlook.com,100,web_form,Lisa,Lopez,Vandelay,Developer,2024-01-29
166,+1-555-828-8499,barbara.wilson131@mail.com,51,crm,Barbara,Wilson,Initech,Sales Rep,2024-12-31
167,+1-555-830-2106,betty.young13@proton.me,161,crm,Betty,Young,Massive Dynamic,Director,2024-01-19
168,+1-555-838-4678,emily.robinson778@gmail.com,130,web_form,Emily,Robinson,Acme Corp,Designer,2023-06-29
169,+1-555-838-6139,thomas.lopez895@outlook.com,129,web_form,Thomas,Lopez,Stark Industries,Manager,2023-03-20
170,+1-555-842-5578,daniel.ramirez851@yahoo.com,178,web_form,Daniel,Ramirez,Wayne Enterprises,Director,2024-03-14
171,+1-555-842-8284,mary.wilson432@mail.com,202,crm,Mary,Wilson,Initech,Director,2023-06-05
172,+1-555-843-7926,sarah.white248@outlook.com,76,newsletter,Sarah,White,Vandelay,Analyst,2024-11-22
173,+1-555-846-5494,michael.perez903@proton.me,191,web_form,Michael,Perez,Umbrella Ltd,Manager,2023-04-08
174,+1-555-870-4874,ashley.anderson208@yahoo.com,2,crm,Ashley,Anderson,Soylent,Sales Rep,2024-03-07
175,+1-555-870-8417,andrew.moore651@outlook.com,50,crm,Andrew,Moore,Hooli,Director,2023-04-19
176,+1-555-875-8679,betty.taylor805@proton.me,155,web_form,Betty,Taylor,Wonka Co,Developer,2024-01-25
177,+1-555-881-4098,george.young944@gmail.com,163,crm,George,Young,Vandelay,Designer,2024-08-29
178,+1-555-894-3385,michael.ramirez907@proton.me,89,crm,Michael,Ramirez,Initech,Developer,2024-09-04
179,+1-555-894-4232,steven.ramirez909@mail.com,136,web_form,Steven,Ramirez,Hooli,Analyst,2023-06-18
180,+1-555-900-7181,sandra.robinson922@outlook.com,219,newsletter,Sandra,Robinson,Soylent,Coordinator,2023-10-07
181,+1-555-901-3089,michelle.jackson321@gmail.com,217,newsletter,Michelle,Jackson,Acme Corp,Developer,2023-01-14
182,+1-555-903-8711,carol.garcia215@gmail.com,142,crm,Carol,Garcia,Globex,Analyst,2024-11-20
183,+1-555-915-9846,daniel.king24@gmail.com,140,crm,Daniel,King,Massive Dynamic,Designer,2024-10-16
184,+1-555-918-8106,betty.brown964@proton.me,31,crm,Betty,Brown,Wonka Co,Analyst,2024-10-11
185,+1-555-921-6215,michelle.williams626@proton.me,122,crm,Michelle,Williams,Initech,Developer,2024-11-20
186,+1-555-923-9151,donna.johnson419@outlook.com,216,web_form,Donna,Johnson,Stark Industries,Designer,2024-02-12
187,+1-555-928-7100,sandra.garcia@umbrella.com,235,newsletter,Sandra,Garcia,Cyberdyne,Engineer,2024-05-13
188,+1-555-932-8612,betty.jackson43@gmail.com,193,newsletter,Betty,Jackson,Massive Dynamic,Designer,2023-04-21
189,+1-555-937-8778,michael.ramirez318@mail.com,192,web_form,Michael,Ramirez,Umbrella Ltd,Coordinator,2024-10-18
190,+1-555-943-3668,barbara.garcia750@mail.com,15,web_form,Barbara,Garcia,Initech,Sales Rep,2024-12-29
191,+1-555-946-9005,betty.brown182@gmail.com,210,crm,Betty,Brown,Acme Corp,Engineer,2024-05-27
192,+1-555-952-1891,kevin.gonzalez982@outlook.com,194,newsletter,Kevin,Gonzalez,Stark Industries,Sales Rep,2024-10-17
193,+1-555-959-1138,lisa.hernandez397@yahoo.com,85,crm,Lisa,Hernandez,Globex,Developer,2024-11-04
194,+1-555-959-7228,jessica.ramirez613@outlook.com,94,newsletter,Jessica,Ramirez,Stark Industries,Director,2024-10-03
195,+1-555-961-7110,emily.martinez750@gmail.com,47,newsletter,Emily,Martinez,Hooli,Sales Rep,2024-04-17
196,+1-555-964-4831,jennifer.robinson580@proton.me,59,web_form,Jennifer,Robinson,Stark Industries,Designer,2024-10-21
197,+1-555-971-9327,lisa.rodriguez894@yahoo.com,236,crm,Lisa,Rodriguez,Massive Dynamic,Developer,2024-06-03
198,+1-555-979-1894,thomas.thomas520@proton.me,32,web_form,Thomas,Thomas,Wayne Enterprises,Consultant,2024-10-21
199,+1-555-986-7512,anthony.garcia780@yahoo.com,10,web_form,Anthony,Garcia,Umbrella Ltd,Director,2024-06-14
