contact_id,source,first_name,last_name,email,phone,company,job_title,created_at
1,newsletter,Lisa,Nguyen,lisa.nguyen132@gmail.com,+1-555-230-5253,Massive Dynamic,Director,2023-03-10
2,crm,Ashley,Anderson,ashley.anderson208@yahoo.com,+1-555-870-4874,Soylent,Sales Rep,2024-03-07
3,crm,Mark,Martinez,mark.martinez161@gmail.com,+1-555-232-9789,Massive Dynamic,Sales Rep,2024-11-20
4,newsletter,David,Walker,david.walker911@outlook.com,+1-555-320-3999,Wonka Co,Developer,2024-02-05
5,web_form,Mark,Young,mark.young392@gmail.com,+1-555-283-8236,Umbrella Ltd,Designer,2023-06-21
6,newsletter,Linda,Smith,linda.smith291@yahoo.com,+1-555-324-5292,Wonka Co,Engineer,2023-11-26
7,newsletter,Sandra,Torres,sandra.torres791@yahoo.com,+1-555-544-2007,Wayne Enterprises,Manager,2023-08-11
8,newsletter,Thomas,Allen,thomas.allen88@yahoo.com,+1-555-733-9877,Massive Dynamic,Manager,2023-02-18
9,crm,George,Hill,george.hill586@outlook.com,,Cyberdyne,Sales Rep,2024-03-28
10,web_form,Anthony,Garcia,anthony.garcia780@yahoo.com,+1-555-986-7512,Umbrella Ltd,,2024-06-14
11,web_form,James,King,james.king741@mail.com,+1-555-526-6902,Soylent,Engineer,2024-08-05
12,crm,Betty,Martin,betty.martin905@mail.com,,Cyberdyne,Manager,2024-12-14
13,newsletter,Sandra,Clark,sandra.clark910@yahoo.com,+1-555-587-4519,Soylent,Analyst,2024-04-20
14,web_form,Andrew,Perez,andrew.perez325@mail.com,+1-555-363-2491,Globex,Analyst,2023-02-23
15,web_form,Barbara,Garcia,barbara.garcia750@mail.com,+1-555-943-3668,Initech,,2024-12-29
16,web_form,Andrew,Nguyen,andrew.nguyen689@gmail.com,+1-555-461-7166,Massive Dynamic,Consultant,2023-08-14
17,web_form,Mark,Martinez,mark.martinez34@yahoo.com,+1-555-672-7051,Globex,Coordinator,2023-10-13
18,web_form,Michael,Robinson,michael.robinson380@yahoo.com,+1-555-555-1153,Umbrella Ltd,Manager,2024-10-27
19,crm,Lisa,Allen,lisa.allen3@gmail.com,+1-555-660-6712,Globex,Manager,2023-03-21
20,crm,Thomas,Perez,thomas.perez337@gmail.com,+1-555-808-3190,Cyberdyne,Manager,2023-01-16
21,newsletter,Michelle,Flores,michelle.flores981@proton.me,+1-555-634-4103,Soylent,Sales Rep,2024-06-19
22,newsletter,Brian,Nguyen,brian.nguyen@initech.com,+1-555-442-2340,Massive Dynamic,Manager,2024-05-29
23,web_form,Susan,Jackson,susan.jackson508@yahoo.com,+1-555-103-4654,Wonka Co,,2023-04-05
24,newsletter,Thomas,Flores,thomas.flores126@yahoo.com,+1-555-549-7811,Acme Corp,Director,2024-08-05
25,web_form,Karen,Sanchez,karen.sanchez240@mail.com,+1-555-471-1602,Hooli,,2024-11-09
26,crm,Mark,Jones,mark.jones531@proton.me,+1-555-773-3369,Acme Corp,Director,2023-10-12
27,crm,William,Martin,william.martin478@proton.me,+1-555-318-4916,Soylent,Consultant,2024-07-06
28,web_form,Elizabeth,Johnson,elizabeth.johnson811@yahoo.com,+1-555-245-7910,Acme Corp,Designer,2023-05-08
29,crm,Susan,Jackson,susan.jackson508@yahoo.com,,Wonka Co,Director,2023-09-06
30,crm,Thomas,Jones,thomas.jones873@mail.com,+1-555-212-2980,Stark Industries,Coordinator,2023-06-24
31,crm,Betty,Brown,betty.brown964@proton.me,+1-555-918-8106,Wonka Co,Analyst,2024-10-11
32,web_form,Thomas,Thomas,thomas.thomas520@proton.me,+1-555-979-1894,Wayne Enterprises,Consultant,2024-10-21
33,web_form,Joseph,Lopez,joseph.lopez849@mail.com,+1-555-183-2511,Acme Corp,Accountant,2024-11-17
34,crm,Karen,Lee,karen.lee486@outlook.com,+1-555-695-7569,Cyberdyne,Coordinator,2024-03-10
35,web_form,Patricia,Brown,patricia.brown141@gmail.com,+1-555-161-3091,Hooli,Coordinator,2023-07-29
36,newsletter,John,Allen,john.allen198@outlook.com,+1-555-565-2605,Initech,Accountant,2023-05-20
37,newsletter,William,Garcia,william.garcia751@gmail.com,+1-555-257-6959,Stark Industries,Engineer,2023-07-07
38,crm,Carol,Robinson,carol.robinson571@gmail.com,,Hooli,Consultant,2024-10-23
39,web_form,George,Rodriguez,george.rodriguez215@mail.com,+1-555-560-1493,Stark Industries,Engineer,2023-10-18
40,crm,John,Young,john.young771@proton.me,+1-555-494-2885,Hooli,Manager,2023-01-15
41,crm,Brian,Hill,brian.hill836@proton.me,+1-555-740-5967,Wonka Co,Director,2023-03-10
42,newsletter,Amanda,Harris,amanda.harris754@outlook.com,+1-555-761-2450,Initech,Manager,2024-06-29
43,crm,Paul,Nguyen,paul.nguyen429@outlook.com,+1-555-266-2717,Soylent,Manager,2023-12-06
44,newsletter,Paul,Harris,paul.harris741@yahoo.com,+1-555-585-4829,Vandelay,Coordinator,2023-06-29
45,crm,William,Young,william.young57@outlook.com,,Globex,Analyst,2023-01-22
46,crm,Nancy,Thomas,nancy.thomas349@gmail.com,,Wayne Enterprises,Accountant,2023-11-10
47,newsletter,Emily,Martinez,emily.martinez750@gmail.com,+1-555-961-7110,Hooli,Sales Rep,2024-04-17
48,web_form,Jennifer,Smith,jennifer.smith861@outlook.com,+1-555-353-2766,Soylent,Director,2024-01-27
49,web_form,Amanda,Lopez,amanda.lopez927@proton.me,+1-555-229-9337,Hooli,Consultant,2023-10-31
50,crm,Andrew,Moore,andrew.moore651@outlook.com,+1-555-870-8417,Hooli,Director,2023-04-19
51,crm,Barbara,Wilson,barbara.wilson131@mail.com,+1-555-828-8499,Initech,Sales Rep,2024-12-31
52,web_form,Barbara,Lopez,barbara.lopez424@proton.me,+1-555-813-9011,Wayne Enterprises,Sales Rep,2023-01-13
53,web_form,Matthew,Garcia,matthew.garcia884@proton.me,+1-555-220-4483,Soylent,Developer,2023-05-24
54,web_form,Carol,Hill,carol.hill424@mail.com,+1-555-569-9456,Cyberdyne,Consultant,2024-10-05
55,newsletter,Carol,Lee,carol.lee994@proton.me,+1-555-729-5143,Cyberdyne,Sales Rep,2023-11-29
56,newsletter,Sandra,Garcia,sandra.garcia@massive.com,+1-555-195-3808,Globex,Sales Rep,2023-08-06
57,web_form,David,Harris,david.harris764@outlook.com,+1-555-295-3258,Wonka Co,,2023-09-16
58,newsletter,John,Walker,john.walker@acme.com,+1-555-515-1194,Soylent,Sales Rep,2023-07-07
59,web_form,Jennifer,Robinson,jennifer.robinson580@proton.me,+1-555-964-4831,Stark Industries,,2024-10-21
60,web_form,Karen,Martinez,karen.martinez230@mail.com,+1-555-364-6575,Stark Industries,Manager,2024-02-05
61,newsletter,Amanda,White,amanda.white533@proton.me,+1-555-390-4501,Globex,Sales Rep,2023-02-15
62,web_form,Sarah,Hill,sarah.hill194@mail.com,+1-555-811-8657,Massive Dynamic,Consultant,2024-10-25
63,crm,Paul,Lee,paul.lee348@proton.me,+1-555-351-3925,Umbrella Ltd,Manager,2024-03-28
64,web_form,John,Lewis,john.lewis363@gmail.com,+1-555-148-3043,Soylent,Designer,2023-12-18
65,crm,Ashley,Gonzalez,ashley.gonzalez388@outlook.com,+1-555-425-8037,Cyberdyne,Director,2023-04-04
66,newsletter,Brian,Rodriguez,brian.rodriguez@globex.com,+1-555-685-3575,Stark Industries,Designer,2024-04-06
67,newsletter,Ashley,Ramirez,ashley.ramirez587@gmail.com,+1-555-564-6553,Umbrella Ltd,Coordinator,2024-02-13
68,newsletter,Sarah,White,sarah.white@stark.com,+1-555-843-7926,Vandelay,Analyst,2023-07-10
69,web_form,Steven,Thompson,steven.thompson379@proton.me,+1-555-512-9502,Wayne Enterprises,Designer,2024-04-17
70,crm,Steven,Rodriguez,steven.rodriguez577@gmail.com,+1-555-407-2469,Wayne Enterprises,Analyst,2024-07-08
71,web_form,Betty,Williams,betty.williams84@gmail.com,+1-555-651-1507,Cyberdyne,,2023-04-30
72,crm,Daniel,Sanchez,daniel.sanchez582@gmail.com,+1-555-242-3518,Stark Industries,Coordinator,2024-04-25
73,crm,Mary,Johnson,mary.johnson787@gmail.com,+1-555-257-6026,Wayne Enterprises,Engineer,2024-01-22
74,web_form,Matthew,Scott,matthew.scott202@yahoo.com,+1-555-437-6092,Globex,Analyst,2023-01-19
75,newsletter,Thomas,Davis,thomas.davis730@outlook.com,+1-555-638-8918,Wonka Co,Developer,2023-07-22
76,newsletter,Sarah,White,sarah.white248@outlook.com,+1-555-843-7926,Vandelay,Analyst,2024-11-22
77,crm,David,Harris,david.harris764@outlook.com,,Wonka Co,Sales Rep,2024-01-26
78,web_form,Brian,Lopez,brian.lopez38@proton.me,+1-555-442-7389,Wonka Co,Engineer,2023-08-01
79,web_form,Jennifer,Rodriguez,jennifer.rodriguez317@proton.me,+1-555-451-5768,Stark Industries,Manager,2023-12-03
80,newsletter,Jessica,White,jessica.white807@proton.me,+1-555-110-8428,Wayne Enterprises,Developer,2024-03-14
81,web_form,Elizabeth,Garcia,elizabeth.garcia384@mail.com,+1-555-631-8606,Initech,Consultant,2023-06-18
82,crm,Jennifer,Walker,jennifer.walker666@gmail.com,,Umbrella Ltd,Developer,2024-09-12
83,web_form,David,Martinez,david.martinez592@yahoo.com,+1-555-412-1158,Soylent,Consultant,2024-07-29
84,newsletter,Carol,Lopez,carol.lopez181@outlook.com,+1-555-203-1343,Cyberdyne,Engineer,2023-01-07
85,crm,Lisa,Hernandez,lisa.hernandez397@yahoo.com,+1-555-959-1138,Globex,Developer,2024-11-04
86,newsletter,David,Lee,david.lee@umbrella.com,+1-555-397-8215,Umbrella Ltd,Coordinator,2023-09-23
87,crm,Sandra,Martinez,sandra.martinez465@proton.me,,Globex,Analyst,2023-03-03
88,web_form,Betty,Harris,betty.harris935@outlook.com,+1-555-108-5906,Hooli,Consultant,2023-03-27
89,crm,Michael,Ramirez,michael.ramirez907@proton.me,+1-555-894-3385,Initech,Developer,2024-09-04
90,web_form,Mark,Lopez,mark.lopez306@mail.com,+1-555-201-6243,Initech,Accountant,2023-09-02
91,newsletter,Patricia,Jones,patricia.jones555@yahoo.com,+1-555-392-3359,Initech,Designer,2023-01-05
92,newsletter,Jessica,Young,jessica.young566@yahoo.com,+1-555-775-3875,Globex,Coordinator,2024-07-03
93,crm,Anthony,Rodriguez,anthony.rodriguez532@outlook.com,+1-555-335-1674,Wonka Co,Designer,2024-11-20
94,newsletter,Jessica,Ramirez,jessica.ramirez613@outlook.com,+1-555-959-7228,Stark Industries,Director,2024-10-03
95,web_form,Steven,Martinez,steven.martinez756@yahoo.com,+1-555-806-7943,Globex,Director,2023-03-11
96,web_form,Nancy,Smith,nancy.smith153@outlook.com,+1-555-191-7711,Wayne Enterprises,Director,2023-03-10
97,web_form,Michelle,Lewis,michelle.lewis114@outlook.com,+1-555-682-9197,Soylent,Engineer,2023-04-15
98,newsletter,Charles,Torres,charles.torres30@mail.com,+1-555-748-4829,Acme Corp,Designer,2024-11-16
99,web_form,Barbara,Lopez,barbara.lopez531@gmail.com,+1-555-275-6353,Soylent,Accountant,2024-02-09
100,web_form,Lisa,Lopez,lisa.lopez161@outlook.com,+1-555-825-8233,Vandelay,Developer,2024-01-29
101,newsletter,David,Lee,david.lee118@yahoo.com,+1-555-397-8215,Umbrella Ltd,Coordinator,2023-08-16
102,web_form,Sandra,Martinez,sandra.martinez465@proton.me,+1-555-436-4153,Globex,,2023-03-24
103,newsletter,John,Smith,john.smith@initech.com,+1-555-301-6394,Hooli,Designer,2023-07-25
104,web_form,Michael,Scott,michael.scott619@gmail.com,+1-555-823-1826,Soylent,,2024-12-09
105,crm,Michelle,Hill,michelle.hill173@yahoo.com,+1-555-650-7942,Vandelay,Developer,2024-03-01
106,crm,Brian,Brown,brian.brown884@yahoo.com,+1-555-505-4581,Hooli,Accountant,2023-11-07
107,web_form,Mary,Davis,mary.davis564@gmail.com,+1-555-237-2376,Hooli,Developer,2024-10-12
108,newsletter,Jennifer,Martin,jennifer.martin997@outlook.com,+1-555-529-7586,Cyberdyne,Sales Rep,2023-05-05
109,web_form,Steven,Robinson,steven.robinson637@outlook.com,+1-555-536-8391,Soylent,Accountant,2023-03-23
110,web_form,Karen,Young,karen.young873@proton.me,+1-555-679-6499,Massive Dynamic,Designer,2023-01-25
111,crm,Charles,Lee,charles.lee201@yahoo.com,+1-555-755-4297,Globex,Consultant,2024-06-17
112,crm,Jennifer,Robinson,jennifer.robinson580@proton.me,,Stark Industries,Designer,2024-02-11
113,crm,Brian,Anderson,brian.anderson372@gmail.com,+1-555-175-6863,Acme Corp,Sales Rep,2024-12-04
114,web_form,Jennifer,Jackson,jennifer.jackson481@outlook.com,+1-555-548-4802,Vandelay,Director,2024-09-11
115,crm,John,Smith,john.smith206@outlook.com,+1-555-301-6394,Hooli,Designer,2024-05-08
116,crm,Mary,Gonzalez,mary.gonzalez313@outlook.com,+1-555-410-5816,Soylent,Manager,2023-07-01
117,newsletter,James,Perez,james.perez789@proton.me,+1-555-373-3476,Wonka Co,Sales Rep,2023-06-29
118,crm,Elizabeth,Brown,elizabeth.brown389@gmail.com,+1-555-446-4444,Hooli,Developer,2024-05-18
119,crm,Ashley,Sanchez,ashley.sanchez827@mail.com,+1-555-310-7558,Initech,Manager,2024-11-11
120,newsletter,Michael,Lee,michael.lee694@gmail.com,+1-555-672-1855,Hooli,Accountant,2023-05-08
121,web_form,John,Walker,john.walker802@mail.com,+1-555-515-1194,Soylent,Sales Rep,2024-09-01
122,crm,Michelle,Williams,michelle.williams626@proton.me,+1-555-921-6215,Initech,Developer,2024-11-20
123,newsletter,Thomas,Allen,thomas.allen@wonka.com,+1-555-733-9877,Massive Dynamic,Manager,2023-05-18
124,web_form,Brian,Rodriguez,brian.rodriguez911@mail.com,+1-555-685-3575,Stark Industries,Designer,2024-08-13
125,crm,Brian,Davis,brian.davis847@outlook.com,+1-555-640-3406,Wonka Co,Accountant,2024-05-31
126,newsletter,Patricia,Gonzalez,patricia.gonzalez282@yahoo.com,+1-555-351-8278,Globex,Sales Rep,2024-11-06
127,crm,Joseph,Brown,joseph.brown101@gmail.com,,Acme Corp,Sales Rep,2024-03-19
128,newsletter,Ashley,Martinez,ashley.martinez593@gmail.com,+1-555-187-1994,Acme Corp,Accountant,2024-08-24
129,web_form,Thomas,Lopez,thomas.lopez895@outlook.com,+1-555-838-6139,Stark Industries,Manager,2023-03-20
130,web_form,Emily,Robinson,emily.robinson778@gmail.com,+1-555-838-4678,Acme Corp,Designer,2023-06-29
131,web_form,Linda,Young,linda.young533@yahoo.com,+1-555-207-6371,Vandelay,Coordinator,2023-04-28
132,newsletter,Charles,Young,charles.young29@mail.com,+1-555-542-1393,Massive Dynamic,Consultant,2024-08-22
133,crm,Richard,Davis,richard.davis915@outlook.com,+1-555-364-7152,Globex,Manager,2023-04-04
134,crm,Betty,Garcia,betty.garcia156@proton.me,+1-555-531-4738,Initech,Accountant,2023-06-11
135,web_form,Elizabeth,Young,elizabeth.young412@gmail.com,+1-555-732-7735,Umbrella Ltd,Coordinator,2023-08-31
136,web_form,Steven,Ramirez,steven.ramirez909@mail.com,+1-555-894-4232,Hooli,Analyst,2023-06-18
137,crm,Barbara,Thomas,barbara.thomas104@mail.com,+1-555-605-5975,Umbrella Ltd,Director,2023-03-10
138,crm,Paul,Young,paul.young815@mail.com,+1-555-735-2659,Stark Industries,Manager,2024-09-26
139,web_form,Sandra,Hill,sandra.hill761@gmail.com,+1-555-498-4382,Initech,Director,2024-05-16
140,crm,Daniel,King,daniel.king24@gmail.com,+1-555-915-9846,Massive Dynamic,Designer,2024-10-16
141,crm,Barbara,Garcia,barbara.garcia750@mail.com,,Initech,Sales Rep,2024-11-03
142,crm,Carol,Garcia,carol.garcia215@gmail.com,+1-555-903-8711,Globex,Analyst,2024-11-20
143,crm,Betty,Williams,betty.williams84@gmail.com,,Cyberdyne,Developer,2023-08-06
144,web_form,Linda,Sanchez,linda.sanchez526@proton.me,+1-555-759-2280,Hooli,Director,2024-06-01
145,crm,Carol,Garcia,carol.garcia215@gmail.com,+1-555-903-8711,Cyberdyne,Coordinator,2023-03-10
146,crm,Carol,Garcia,carol.garcia193@mail.com,+1-555-211-6387,Massive Dynamic,Developer,2023-06-08
147,crm,Karen,Flores,karen.flores600@proton.me,,Initech,Sales Rep,2024-10-01
148,crm,Daniel,Williams,daniel.williams133@yahoo.com,+1-555-304-3561,Wayne Enterprises,Sales Rep,2024-11-20
149,web_form,Joseph,Brown,joseph.brown101@gmail.com,+1-555-173-6902,Acme Corp,,2023-06-19
150,newsletter,Mark,Martinez,mark.martinez161@gmail.com,+1-555-232-9789,Soylent,Developer,2023-03-10
151,newsletter,Patricia,Sanchez,patricia.sanchez428@mail.com,+1-555-686-6074,Massive Dynamic,Developer,2023-01-12
152,newsletter,Sandra,White,sandra.white697@proton.me,+1-555-577-9119,Stark Industries,Sales Rep,2023-05-17
153,crm,Charles,Gonzalez,charles.gonzalez668@yahoo.com,+1-555-411-7664,Soylent,Analyst,2024-11-11
154,newsletter,Jennifer,Williams,jennifer.williams346@mail.com,+1-555-216-4714,Globex,Sales Rep,2024-12-29
155,web_form,Betty,Taylor,betty.taylor805@proton.me,+1-555-875-8679,Wonka Co,Developer,2024-01-25
156,crm,John,Flores,john.flores602@outlook.com,+1-555-716-8675,Initech,Designer,2024-06-22
157,crm,Thomas,King,thomas.king568@proton.me,+1-555-791-2663,Umbrella Ltd,Sales Rep,2023-08-14
158,newsletter,Joseph,Garcia,joseph.garcia348@yahoo.com,+1-555-529-7974,Cyberdyne,Accountant,2024-05-07
159,crm,Andrew,Johnson,andrew.johnson599@mail.com,+1-555-751-7937,Soylent,Developer,2023-03-26
160,web_form,Thomas,Hernandez,thomas.hernandez927@proton.me,+1-555-314-1116,Umbrella Ltd,Accountant,2024-09-05
161,crm,Betty,Young,betty.young13@proton.me,+1-555-830-2106,Massive Dynamic,Director,2024-01-19
162,newsletter,Ashley,Sanchez,ashley.sanchez204@gmail.com,+1-555-495-5650,Hooli,Director,2024-01-19
163,crm,George,Young,george.young944@gmail.com,+1-555-881-4098,Vandelay,Designer,2024-08-29
164,newsletter,Sandra,Wilson,sandra.wilson941@mail.com,+1-555-645-8354,Stark Industries,Manager,2024-12-05
165,crm,Donna,King,donna.king782@proton.me,+1-555-406-6342,Massive Dynamic,Manager,2023-12-08
166,crm,Emily,Davis,emily.davis922@mail.com,+1-555-447-9863,Acme Corp,Developer,2023-03-10
167,newsletter,Paul,Flores,paul.flores349@mail.com,+1-555-284-7798,Acme Corp,Sales Rep,2023-11-12
168,newsletter,Kevin,Johnson,kevin.johnson447@proton.me,+1-555-767-6861,Hooli,Coordinator,2023-02-08
169,crm,Nancy,Robinson,nancy.robinson814@yahoo.com,+1-555-174-8184,Umbrella Ltd,Designer,2024-11-20
170,crm,Sandra,Garcia,sandra.garcia655@outlook.com,+1-555-195-3808,Globex,Sales Rep,2023-01-05
171,web_form,George,Wilson,george.wilson637@yahoo.com,+1-555-389-2412,Cyberdyne,Developer,2024-04-16
172,web_form,Susan,Brown,susan.brown566@outlook.com,+1-555-633-6582,Cyberdyne,Engineer,2023-01-28
173,crm,Anthony,Garcia,anthony.garcia780@yahoo.com,,Umbrella Ltd,Director,2023-06-06
174,web_form,Brian,Nguyen,brian.nguyen402@yahoo.com,+1-555-442-2340,Massive Dynamic,Manager,2024-11-13
175,web_form,Richard,Moore,richard.moore324@proton.me,+1-555-165-5388,Cyberdyne,Accountant,2023-07-26
176,web_form,William,Young,william.young57@outlook.com,+1-555-725-8075,Globex,,2023-07-13
177,crm,Michael,Allen,michael.allen867@proton.me,+1-555-308-3332,Stark Industries,Sales Rep,2023-06-21
178,web_form,Daniel,Ramirez,daniel.ramirez851@yahoo.com,+1-555-842-5578,Wayne Enterprises,Director,2024-03-14
179,crm,Michael,Scott,michael.scott619@gmail.com,,Soylent,Developer,2023-09-13
180,crm,Elizabeth,Davis,elizabeth.davis122@yahoo.com,+1-555-233-4107,Umbrella Ltd,Sales Rep,2023-07-29
181,newsletter,Betty,Williams,betty.williams589@outlook.com,+1-555-701-4325,Vandelay,Developer,2023-03-14
182,newsletter,Sandra,Martin,sandra.martin777@outlook.com,+1-555-796-6862,Umbrella Ltd,Analyst,2024-01-13
183,web_form,Betty,Martin,betty.martin905@mail.com,+1-555-102-7997,Cyberdyne,,2024-01-29
184,crm,Michelle,Williams,michelle.williams626@proton.me,+1-555-921-6215,Cyberdyne,Consultant,2023-03-10
185,crm,Jessica,Gonzalez,jessica.gonzalez136@yahoo.com,+1-555-616-8551,Soylent,Developer,2024-03-27
186,web_form,Andrew,Young,andrew.young326@mail.com,+1-555-666-7669,Globex,Developer,2023-07-16
187,crm,Lisa,Nguyen,lisa.nguyen132@gmail.com,+1-555-230-5253,Wayne Enterprises,Coordinator,2024-11-20
188,web_form,Richard,Young,richard.young661@gmail.com,+1-555-467-2350,Hooli,Sales Rep,2024-03-27
189,crm,Jessica,King,jessica.king679@outlook.com,,Soylent,Coordinator,2023-11-28
190,web_form,Nancy,Thomas,nancy.thomas349@gmail.com,+1-555-420-4077,Wayne Enterprises,,2024-12-24
191,web_form,Michael,Perez,michael.perez903@proton.me,+1-555-846-5494,Umbrella Ltd,Manager,2023-04-08
192,web_form,Michael,Ramirez,michael.ramirez318@mail.com,+1-555-937-8778,Umbrella Ltd,Coordinator,2024-10-18
193,newsletter,Betty,Jackson,betty.jackson43@gmail.com,+1-555-932-8612,Massive Dynamic,Designer,2023-04-21
194,newsletter,Kevin,Gonzalez,kevin.gonzalez982@outlook.com,+1-555-952-1891,Stark Industries,Sales Rep,2024-10-17
195,web_form,Jessica,King,jessica.king679@outlook.com,+1-555-449-4450,Soylent,,2024-03-13
196,web_form,Karen,Flores,karen.flores600@proton.me,+1-555-388-1745,Initech,,2024-08-23
197,web_form,Amanda,Lewis,amanda.lewis67@yahoo.com,+1-555-620-7358,Cyberdyne,,2024-03-09
198,web_form,Carol,Robinson,carol.robinson571@gmail.com,+1-555-118-6878,Hooli,,2023-06-15
199,crm,Sandra,Garcia,sandra.garcia246@outlook.com,+1-555-928-7100,Cyberdyne,Engineer,2023-07-17
200,crm,Barbara,Thomas,barbara.thomas104@mail.com,+1-555-605-5975,Soylent,Designer,2024-11-20
201,web_form,George,Hill,george.hill586@outlook.com,+1-555-674-3028,Cyberdyne,,2024-02-12
202,crm,Mary,Wilson,mary.wilson432@mail.com,+1-555-842-8284,Initech,Director,2023-06-05
203,crm,William,Smith,william.smith297@gmail.com,+1-555-635-3511,Globex,Consultant,2024-09-13
204,newsletter,Steven,Johnson,steven.johnson967@gmail.com,+1-555-553-3385,Acme Corp,Sales Rep,2023-10-26
205,web_form,Brian,Taylor,brian.taylor694@yahoo.com,+1-555-278-9248,Acme Corp,Analyst,2023-12-22
206,web_form,Amanda,Ramirez,amanda.ramirez457@yahoo.com,+1-555-657-8244,Wonka Co,,2023-01-13
207,web_form,Jennifer,Walker,jennifer.walker666@gmail.com,+1-555-312-4596,Umbrella Ltd,,2023-11-06
208,crm,Anthony,Rodriguez,anthony.rodriguez532@outlook.com,+1-555-335-1674,Soylent,Sales Rep,2023-03-10
209,crm,Joseph,Wilson,joseph.wilson911@mail.com,+1-555-219-9106,Massive Dynamic,Consultant,2023-05-27
210,crm,Betty,Brown,betty.brown182@gmail.com,+1-555-946-9005,Acme Corp,Engineer,2024-05-27
211,newsletter,Susan,Harris,susan.harris919@gmail.com,+1-555-223-9713,Initech,Manager,2024-11-09
212,crm,Sandra,Jackson,sandra.jackson986@gmail.com,+1-555-208-2669,Vandelay,Manager,2024-09-24
213,web_form,Amanda,Young,amanda.young460@mail.com,+1-555-121-3643,Hooli,Director,2023-03-07
214,newsletter,Linda,Robinson,linda.robinson967@gmail.com,+1-555-186-6542,Stark Industries,Accountant,2023-03-10
215,web_form,Lisa,Hernandez,lisa.hernandez299@proton.me,+1-555-171-8449,Acme Corp,Consultant,2024-02-19
216,web_form,Donna,Johnson,donna.johnson419@outlook.com,+1-555-923-9151,Stark Industries,Designer,2024-02-12
217,newsletter,Michelle,Jackson,michelle.jackson321@gmail.com,+1-555-901-3089,Acme Corp,Developer,2023-01-14
218,newsletter,Nancy,Robinson,nancy.robinson814@yahoo.com,+1-555-174-8184,Globex,Developer,2023-03-10
219,newsletter,Sandra,Robinson,sandra.robinson922@outlook.com,+1-555-900-7181,Soylent,Coordinator,2023-10-07
220,newsletter,Barbara,Hernandez,barbara.hernandez935@outlook.com,+1-555-144-1486,Umbrella Ltd,Director,2024-01-26
221,web_form,Daniel,Williams,daniel.williams133@yahoo.com,+1-555-304-3561,Massive Dynamic,Developer,2023-03-10
222,web_form,Matthew,Miller,matthew.miller669@yahoo.com,+1-555-100-1985,Soylent,Designer,2023-11-27
223,newsletter,Sandra,Hill,sandra.hill520@gmail.com,+1-555-271-2934,Umbrella Ltd,Consultant,2024-03-18
224,crm,Steven,Moore,steven.moore622@outlook.com,+1-555-511-1737,Soylent,Manager,2024-02-04
225,crm,Amanda,Ramirez,amanda.ramirez457@yahoo.com,,Wonka Co,Consultant,2024-02-24
226,web_form,Michelle,Jones,michelle.jones624@mail.com,+1-555-104-1156,Cyberdyne,Engineer,2024-10-31
227,newsletter,George,Taylor,george.taylor88@outlook.com,+1-555-481-7799,Stark Industries,Director,2023-02-14
228,crm,Matthew,Taylor,matthew.taylor61@proton.me,+1-555-433-3973,Acme Corp,Manager,2023-09-13
229,crm,Susan,Nguyen,susan.nguyen855@mail.com,+1-555-449-5698,Vandelay,Engineer,2024-02-07
230,crm,Mary,Jackson,mary.jackson292@proton.me,+1-555-788-3293,Wonka Co,Accountant,2023-01-11
231,crm,Amanda,Lewis,amanda.lewis67@yahoo.com,,Cyberdyne,Sales Rep,2024-04-23
232,crm,Emily,Davis,emily.davis922@mail.com,+1-555-447-9863,Soylent,Analyst,2024-11-20
233,web_form,Jennifer,Clark,jennifer.clark677@yahoo.com,+1-555-688-1947,Cyberdyne,Sales Rep,2024-02-26
234,newsletter,James,Sanchez,james.sanchez809@yahoo.com,+1-555-435-5049,Acme Corp,Designer,2023-07-29
235,newsletter,Sandra,Garcia,sandra.garcia@umbrella.com,+1-555-928-7100,Cyberdyne,Engineer,2024-05-13
236,crm,Lisa,Rodriguez,lisa.rodriguez894@yahoo.com,+1-555-971-9327,Massive Dynamic,Developer,2024-06-03
237,web_form,Sandra,Ramirez,sandra.ramirez875@outlook.com,+1-555-542-7666,Hooli,Analyst,2024-11-25
238,crm,Karen,Sanchez,karen.sanchez240@mail.com,,Hooli,Developer,2024-02-25
239,crm,Nancy,Smith,nancy.smith153@outlook.com,+1-555-191-7711,Wonka Co,Coordinator,2024-11-20
240,newsletter,Karen,Lee,karen.lee@initech.com,+1-555-695-7569,Cyberdyne,Coordinator,2023-06-30
