customer_name,phone,email,city,signup_date,phone_status
James Carter,+12121000000,james.carter@gmail.com,New York,2019-01-01,invalid_prefix
Olivia Hayes,+13121007919,olivia.hayes@outlook.com,Seattle,2020-02-02,invalid_prefix
Liam Russell,+15121015838,liam.russell@yahoo.com,Atlanta,2021-03-03,invalid_prefix
Emma Bennett,+12061023757,emma.bennett@proton.me,Miami,2022-04-04,invalid_prefix
Noah Brooks,+16171031676,noah_brooks@example.org,Austin,2023-05-05,invalid_prefix
Ava Price,+13031039595,ava.price@gmail.com,Denver,2024-06-06,invalid_prefix
William Morgan,+14041047514,william.morgan@outlook.com,Phoenix,2025-07-07,invalid_prefix
Sophia Murphy,+15031055433,sophia.murphy@yahoo.com,Chicago,2019-08-08,invalid_prefix
Benjamin Kelly,+16021063352,benjamin.kelly@proton.me,Boston,2020-09-09,invalid_prefix
Mia Foster,+13051071271,mia.foster@example.org,Portland,2021-10-10,invalid_prefix
Lucas Turner,+12121079190,lucas_turner@gmail.com,New York,2022-11-11,invalid_prefix
Charlotte Sullivan,+13121087109,charlotte.sullivan@outlook.com,Seattle,2023-12-12,invalid_prefix
Henry Reed,+15121095028,henry.reed@yahoo.com,Atlanta,2024-01-13,invalid_prefix
Amelia Cooper,+12061102947,amelia.cooper@proton.me,Miami,2025-02-14,invalid_prefix
Alexander Gray,+16171110866,alexander.gray@example.org,Austin,2019-03-15,invalid_prefix
Harper Parker,+13031118785,harper.parker@gmail.com,Denver,2020-04-16,invalid_prefix
Daniel Bailey,+14041126704,daniel_bailey@outlook.com,Phoenix,2021-05-17,invalid_prefix
Evelyn Morris,+15031134623,evelyn.morris@yahoo.com,Chicago,2022-06-18,invalid_prefix
Michael Collins,+16021142542,michael.collins@proton.me,Boston,2023-07-19,invalid_prefix
Ella Ward,+13051150461,ella.ward@example.org,Portland,2024-08-20,invalid_prefix
James Carter,+12121158380,james.carter@gmail.com,New York,2025-09-21,invalid_prefix
Olivia Hayes,+13121166299,olivia.hayes@outlook.com,Seattle,2019-10-22,invalid_prefix
Liam Russell,+15121174218,liam_russell@yahoo.com,Atlanta,2020-11-23,invalid_prefix
Emma Bennett,+12061182137,emma.bennett@proton.me,Miami,2021-12-24,invalid_prefix
Noah Brooks,+16171190056,noah.brooks@example.org,Austin,2022-01-25,invalid_prefix
Ava Price,+13031197975,ava.price@gmail.com,Denver,2023-02-26,invalid_prefix
William Morgan,+14041205894,william.morgan@outlook.com,Phoenix,2024-03-27,invalid_prefix
Sophia Murphy,+15031213813,sophia.murphy@yahoo.com,Chicago,2025-04-01,invalid_prefix
Benjamin Kelly,+16021221732,benjamin_kelly@proton.me,Boston,2019-05-02,invalid_prefix
Mia Foster,+13051229651,mia.foster@example.org,Portland,2020-06-03,invalid_prefix
Lucas Turner,+12121237570,lucas.turner@gmail.com,New York,2021-07-04,invalid_prefix
Charlotte Sullivan,+13121245489,charlotte.sullivan@outlook.com,Seattle,2022-08-05,invalid_prefix
Henry Reed,+15121253408,henry.reed@yahoo.com,Atlanta,2023-09-06,invalid_prefix
Amelia Cooper,+12061261327,amelia.cooper@proton.me,Miami,2024-10-07,invalid_prefix
Alexander Gray,+16171269246,alexander_gray@example.org,Austin,2025-11-08,invalid_prefix
Harper Parker,+13031277165,harper.parker@gmail.com,Denver,2019-12-09,invalid_prefix
Daniel Bailey,+14041285084,daniel.bailey@outlook.com,Phoenix,2020-01-10,invalid_prefix
Evelyn Morris,+15031293003,evelyn.morris@yahoo.com,Chicago,2021-02-11,invalid_prefix
Michael Collins,+16021300922,michael.collins@proton.me,Boston,2022-03-12,invalid_prefix
Ella Ward,+13051308841,ella.ward@example.org,Portland,2023-04-13,invalid_prefix
James Carter,+12121316760,james_carter@gmail.com,New York,2024-05-14,invalid_prefix
Olivia Hayes,+13121324679,olivia.hayes@outlook.com,Seattle,2025-06-15,invalid_prefix
Liam Russell,+15121332598,liam.russell@yahoo.com,Atlanta,2019-07-16,invalid_prefix
Emma Bennett,+12061340517,emma.bennett@proton.me,Miami,2020-08-17,invalid_prefix
Noah Brooks,+16171348436,noah.brooks@example.org,Austin,2021-09-18,invalid_prefix
Ava Price,+13031356355,ava.price@gmail.com,Denver,2022-10-19,invalid_prefix
William Morgan,+14041364274,william_morgan@outlook.com,Phoenix,2023-11-20,invalid_prefix
Benjamin Kelly,+16021380112,benjamin.kelly@proton.me,Boston,2025-01-22,invalid_prefix
Mia Foster,+13051388031,mia.foster@example.org,Portland,2019-02-23,invalid_prefix
Lucas Turner,+12121395950,lucas.turner@gmail.com,New York,2020-03-24,invalid_prefix
Charlotte Sullivan,+13121403869,charlotte.sullivan@outlook.com,Seattle,2021-04-25,invalid_prefix
Henry Reed,+15121411788,henry_reed@yahoo.com,Atlanta,2022-05-26,invalid_prefix
Amelia Cooper,+12061419707,amelia.cooper@proton.me,Miami,2023-06-27,invalid_prefix
Alexander Gray,+16171427626,alexander.gray@example.org,Austin,2024-07-01,invalid_prefix
Harper Parker,+13031435545,harper.parker@gmail.com,Denver,2025-08-02,invalid_prefix
Daniel Bailey,+14041443464,daniel.bailey@outlook.com,Phoenix,2019-09-03,invalid_prefix
Evelyn Morris,+15031451383,evelyn.morris@yahoo.com,Chicago,2020-10-04,invalid_prefix
Michael Collins,+16021459302,michael_collins@proton.me,Boston,2021-11-05,invalid_prefix
Ella Ward,+13051467221,ella.ward@example.org,Portland,2022-12-06,invalid_prefix
James Carter,+12121475140,james.carter@gmail.com,New York,2023-01-07,invalid_prefix
Olivia Hayes,+13121483059,olivia.hayes@outlook.com,Seattle,2024-02-08,invalid_prefix
Liam Russell,+15121490978,liam.russell@yahoo.com,Atlanta,2025-03-09,invalid_prefix
Emma Bennett,+12061498897,emma.bennett@proton.me,Miami,2019-04-10,invalid_prefix
Noah Brooks,+16171506816,noah_brooks@example.org,Austin,2020-05-11,invalid_prefix
Ava Price,+13031514735,ava.price@gmail.com,Denver,2021-06-12,invalid_prefix
William Morgan,+14041522654,william.morgan@outlook.com,Phoenix,2022-07-13,invalid_prefix
Sophia Murphy,+15031530573,sophia.murphy@yahoo.com,Chicago,2023-08-14,invalid_prefix
Benjamin Kelly,+16021538492,benjamin.kelly@proton.me,Boston,2024-09-15,invalid_prefix
Mia Foster,+13051546411,mia.foster@example.org,Portland,2025-10-16,invalid_prefix
Lucas Turner,+12121554330,lucas_turner@gmail.com,New York,2019-11-17,invalid_prefix
Charlotte Sullivan,+13121562249,charlotte.sullivan@outlook.com,Seattle,2020-12-18,invalid_prefix
Henry Reed,+15121570168,henry.reed@yahoo.com,Atlanta,2021-01-19,invalid_prefix
Amelia Cooper,+12061578087,amelia.cooper@proton.me,Miami,2022-02-20,invalid_prefix
Alexander Gray,+16171586006,alexander.gray@example.org,Austin,2023-03-21,invalid_prefix
Harper Parker,+13031593925,harper.parker@gmail.com,Denver,2024-04-22,invalid_prefix
Daniel Bailey,+14041601844,daniel_bailey@outlook.com,Phoenix,2025-05-23,invalid_prefix
Evelyn Morris,+15031609763,evelyn.morris@yahoo.com,Chicago,2019-06-24,invalid_prefix
Michael Collins,+16021617682,michael.collins@proton.me,Boston,2020-07-25,invalid_prefix
Ella Ward,+13051625601,ella.ward@example.org,Portland,2021-08-26,invalid_prefix
James Carter,+12121633520,james.carter@gmail.com,New York,2022-09-27,invalid_prefix
Olivia Hayes,+13121641439,olivia.hayes@outlook.com,Seattle,2023-10-01,invalid_prefix
Liam Russell,+15121649358,liam_russell@yahoo.com,Atlanta,2024-11-02,invalid_prefix
Emma Bennett,+12061657277,emma.bennett@proton.me,Miami,2025-12-03,invalid_prefix
Noah Brooks,+16171665196,noah.brooks@example.org,Austin,2019-01-04,invalid_prefix
Ava Price,+13031673115,ava.price@gmail.com,Denver,2020-02-05,invalid_prefix
William Morgan,+14041681034,william.morgan@outlook.com,Phoenix,2021-03-06,invalid_prefix
Sophia Murphy,+15031688953,sophia.murphy@yahoo.com,Chicago,2022-04-07,invalid_prefix
Mia Foster,+13051704791,mia.foster@example.org,Portland,2024-06-09,invalid_prefix
Lucas Turner,+12121712710,lucas.turner@gmail.com,New York,2025-07-10,invalid_prefix
Charlotte Sullivan,+13121720629,charlotte.sullivan@outlook.com,Seattle,2019-08-11,invalid_prefix
Henry Reed,+15121728548,henry.reed@yahoo.com,Atlanta,2020-09-12,invalid_prefix
Amelia Cooper,+12061736467,amelia.cooper@proton.me,Miami,2021-10-13,invalid_prefix
Alexander Gray,+16171744386,alexander_gray@example.org,Austin,2022-11-14,invalid_prefix
Harper Parker,+13031752305,harper.parker@gmail.com,Denver,2023-12-15,invalid_prefix
Daniel Bailey,+14041760224,daniel.bailey@outlook.com,Phoenix,2024-01-16,invalid_prefix
Evelyn Morris,+15031768143,evelyn.morris@yahoo.com,Chicago,2025-02-17,invalid_prefix
Michael Collins,+16021776062,michael.collins@proton.me,Boston,2019-03-18,invalid_prefix
Ella Ward,+13051783981,ella.ward@example.org,Portland,2020-04-19,invalid_prefix
James Carter,+12121791900,james_carter@gmail.com,New York,2021-05-20,invalid_prefix
Olivia Hayes,+13121799819,olivia.hayes@outlook.com,Seattle,2022-06-21,invalid_prefix
Liam Russell,+15121807738,liam.russell@yahoo.com,Atlanta,2023-07-22,invalid_prefix
Emma Bennett,+12061815657,emma.bennett@proton.me,Miami,2024-08-23,invalid_prefix
Noah Brooks,+16171823576,noah.brooks@example.org,Austin,2025-09-24,invalid_prefix
Ava Price,+13031831495,ava.price@gmail.com,Denver,2019-10-25,invalid_prefix
William Morgan,+14041839414,william_morgan@outlook.com,Phoenix,2020-11-26,invalid_prefix
Sophia Murphy,+15031847333,sophia.murphy@yahoo.com,Chicago,2021-12-27,invalid_prefix
Benjamin Kelly,+16021855252,benjamin.kelly@proton.me,Boston,2022-01-01,invalid_prefix
Mia Foster,+13051863171,mia.foster@example.org,Portland,2023-02-02,invalid_prefix
Lucas Turner,+12121871090,lucas.turner@gmail.com,New York,2024-03-03,invalid_prefix
Charlotte Sullivan,+13121879009,charlotte.sullivan@outlook.com,Seattle,2025-04-04,invalid_prefix
Henry Reed,+15121886928,henry_reed@yahoo.com,Atlanta,2019-05-05,invalid_prefix
Amelia Cooper,+12061894847,amelia.cooper@proton.me,Miami,2020-06-06,invalid_prefix
Alexander Gray,+16171902766,alexander.gray@example.org,Austin,2021-07-07,invalid_prefix
Harper Parker,+13031910685,harper.parker@gmail.com,Denver,2022-08-08,invalid_prefix
Daniel Bailey,+14041918604,daniel.bailey@outlook.com,Phoenix,2023-09-09,invalid_prefix
Evelyn Morris,+15031926523,evelyn.morris@yahoo.com,Chicago,2024-10-10,invalid_prefix
Michael Collins,+16021934442,michael_collins@proton.me,Boston,2025-11-11,invalid_prefix
James Carter,+12121950280,james.carter@gmail.com,New York,2020-01-13,invalid_prefix
Olivia Hayes,+13121958199,olivia.hayes@outlook.com,Seattle,2021-02-14,invalid_prefix
Liam Russell,+15121966118,liam.russell@yahoo.com,Atlanta,2022-03-15,invalid_prefix
Emma Bennett,+12061974037,emma.bennett@proton.me,Miami,2023-04-16,invalid_prefix
Noah Brooks,+16171981956,noah_brooks@example.org,Austin,2024-05-17,invalid_prefix
Ava Price,+13031989875,ava.price@gmail.com,Denver,2025-06-18,invalid_prefix
William Morgan,+14041997794,william.morgan@outlook.com,Phoenix,2019-07-19,invalid_prefix
Sophia Murphy,+15032005713,sophia.murphy@yahoo.com,Chicago,2020-08-20,valid
Benjamin Kelly,+16022013632,benjamin.kelly@proton.me,Boston,2021-09-21,valid
Mia Foster,+13052021551,mia.foster@example.org,Portland,2022-10-22,valid
Lucas Turner,+12122029470,lucas_turner@gmail.com,New York,2023-11-23,valid
Charlotte Sullivan,+13122037389,charlotte.sullivan@outlook.com,Seattle,2024-12-24,valid
Henry Reed,+15122045308,henry.reed@yahoo.com,Atlanta,2025-01-25,valid
Amelia Cooper,+12062053227,amelia.cooper@proton.me,Miami,2019-02-26,valid
Alexander Gray,+16172061146,alexander.gray@example.org,Austin,2020-03-27,valid
Harper Parker,+13032069065,harper.parker@gmail.com,Denver,2021-04-01,valid
Daniel Bailey,+14042076984,daniel_bailey@outlook.com,Phoenix,2022-05-02,valid
Evelyn Morris,+15032084903,evelyn.morris@yahoo.com,Chicago,2023-06-03,valid
Michael Collins,+16022092822,michael.collins@proton.me,Boston,2024-07-04,valid
Ella Ward,+13052100741,ella.ward@example.org,Portland,2025-08-05,valid
James Carter,+12122108660,james.carter@gmail.com,New York,2019-09-06,valid
Olivia Hayes,+13122116579,olivia.hayes@outlook.com,Seattle,2020-10-07,valid
Liam Russell,+15122124498,liam_russell@yahoo.com,Atlanta,2021-11-08,valid
Emma Bennett,+12062132417,emma.bennett@proton.me,Miami,2022-12-09,valid
Noah Brooks,+16172140336,noah.brooks@example.org,Austin,2023-01-10,valid
Ava Price,+13032148255,ava.price@gmail.com,Denver,2024-02-11,valid
William Morgan,+14042156174,william.morgan@outlook.com,Phoenix,2025-03-12,valid
Sophia Murphy,+15032164093,sophia.murphy@yahoo.com,Chicago,2019-04-13,valid
Benjamin Kelly,+16022172012,benjamin_kelly@proton.me,Boston,2020-05-14,valid
Mia Foster,+13052179931,mia.foster@example.org,Portland,2021-06-15,valid
Lucas Turner,+12122187850,lucas.turner@gmail.com,New York,2022-07-16,valid
Charlotte Sullivan,+13122195769,charlotte.sullivan@outlook.com,Seattle,2023-08-17,valid
Henry Reed,+15122203688,henry.reed@yahoo.com,Atlanta,2024-09-18,valid
Amelia Cooper,+12062211607,amelia.cooper@proton.me,Miami,2025-10-19,valid
Alexander Gray,+16172219526,alexander_gray@example.org,Austin,2019-11-20,valid
Harper Parker,+13032227445,harper.parker@gmail.com,Denver,2020-12-21,valid
Daniel Bailey,+14042235364,daniel.bailey@outlook.com,Phoenix,2021-01-22,valid
Evelyn Morris,+15032243283,evelyn.morris@yahoo.com,Chicago,2022-02-23,valid
Michael Collins,+16022251202,michael.collins@proton.me,Boston,2023-03-24,valid
Ella Ward,+13052259121,ella.ward@example.org,Portland,2024-04-25,valid
James Carter,+12122267040,james_carter@gmail.com,New York,2025-05-26,valid
Olivia Hayes,+13122274959,olivia.hayes@outlook.com,Seattle,2019-06-27,valid
Liam Russell,+15122282878,liam.russell@yahoo.com,Atlanta,2020-07-01,valid
Emma Bennett,+12062290797,emma.bennett@proton.me,Miami,2021-08-02,valid
Noah Brooks,+16172298716,noah.brooks@example.org,Austin,2022-09-03,valid
Ava Price,+13032306635,ava.price@gmail.com,Denver,2023-10-04,valid
William Morgan,+14042314554,william_morgan@outlook.com,Phoenix,2024-11-05,valid
Sophia Murphy,+15032322473,sophia.murphy@yahoo.com,Chicago,2025-12-06,valid
Benjamin Kelly,+16022330392,benjamin.kelly@proton.me,Boston,2019-01-07,valid
Mia Foster,+13052338311,mia.foster@example.org,Portland,2020-02-08,valid
Lucas Turner,+12122346230,lucas.turner@gmail.com,New York,2021-03-09,valid
Charlotte Sullivan,+13122354149,charlotte.sullivan@outlook.com,Seattle,2022-04-10,valid
Henry Reed,+15122362068,henry_reed@yahoo.com,Atlanta,2023-05-11,valid
Alexander Gray,+16172377906,alexander.gray@example.org,Austin,2025-07-13,valid
Harper Parker,+13032385825,harper.parker@gmail.com,Denver,2019-08-14,valid
Daniel Bailey,+14042393744,daniel.bailey@outlook.com,Phoenix,2020-09-15,valid
Evelyn Morris,+15032401663,evelyn.morris@yahoo.com,Chicago,2021-10-16,valid
Michael Collins,+16022409582,michael_collins@proton.me,Boston,2022-11-17,valid
Ella Ward,+13052417501,ella.ward@example.org,Portland,2023-12-18,valid
James Carter,+12122425420,james.carter@gmail.com,New York,2024-01-19,valid
Olivia Hayes,+13122433339,olivia.hayes@outlook.com,Seattle,2025-02-20,valid
Liam Russell,+15122441258,liam.russell@yahoo.com,Atlanta,2019-03-21,valid
Emma Bennett,+12062449177,emma.bennett@proton.me,Miami,2020-04-22,valid
Noah Brooks,+16172457096,noah_brooks@example.org,Austin,2021-05-23,valid
Ava Price,+13032465015,ava.price@gmail.com,Denver,2022-06-24,valid
William Morgan,+14042472934,william.morgan@outlook.com,Phoenix,2023-07-25,valid
Sophia Murphy,+15032480853,sophia.murphy@yahoo.com,Chicago,2024-08-26,valid
Benjamin Kelly,+16022488772,benjamin.kelly@proton.me,Boston,2025-09-27,valid
Mia Foster,+13052496691,mia.foster@example.org,Portland,2019-10-01,valid
Lucas Turner,+12122504610,lucas_turner@gmail.com,New York,2020-11-02,valid
Charlotte Sullivan,+13122512529,charlotte.sullivan@outlook.com,Seattle,2021-12-03,valid
Henry Reed,+15122520448,henry.reed@yahoo.com,Atlanta,2022-01-04,valid
Amelia Cooper,+12062528367,amelia.cooper@proton.me,Miami,2023-02-05,valid
Alexander Gray,+16172536286,alexander.gray@example.org,Austin,2024-03-06,valid
Harper Parker,+13032544205,harper.parker@gmail.com,Denver,2025-04-07,valid
Daniel Bailey,+14042552124,daniel_bailey@outlook.com,Phoenix,2019-05-08,valid
Evelyn Morris,+15032560043,evelyn.morris@yahoo.com,Chicago,2020-06-09,valid
Ella Ward,+13052575881,ella.ward@example.org,Portland,2022-08-11,valid
James Carter,+12122583800,james.carter@gmail.com,New York,2023-09-12,valid
Olivia Hayes,+13122591719,olivia.hayes@outlook.com,Seattle,2024-10-13,valid
Liam Russell,+15122599638,liam_russell@yahoo.com,Atlanta,2025-11-14,valid
Emma Bennett,+12062607557,emma.bennett@proton.me,Miami,2019-12-15,valid
Noah Brooks,+16172615476,noah.brooks@example.org,Austin,2020-01-16,valid
Ava Price,+13032623395,ava.price@gmail.com,Denver,2021-02-17,valid
William Morgan,+14042631314,william.morgan@outlook.com,Phoenix,2022-03-18,valid
Sophia Murphy,+15032639233,sophia.murphy@yahoo.com,Chicago,2023-04-19,valid
Benjamin Kelly,+16022647152,benjamin_kelly@proton.me,Boston,2024-05-20,valid
Mia Foster,+13052655071,mia.foster@example.org,Portland,2025-06-21,valid
Lucas Turner,+12122662990,lucas.turner@gmail.com,New York,2019-07-22,valid
Charlotte Sullivan,+13122670909,charlotte.sullivan@outlook.com,Seattle,2020-08-23,valid
Henry Reed,+15122678828,henry.reed@yahoo.com,Atlanta,2021-09-24,valid
Amelia Cooper,+12062686747,amelia.cooper@proton.me,Miami,2022-10-25,valid
Alexander Gray,+16172694666,alexander_gray@example.org,Austin,2023-11-26,valid
Harper Parker,+13032702585,harper.parker@gmail.com,Denver,2024-12-27,valid
Daniel Bailey,+14042710504,daniel.bailey@outlook.com,Phoenix,2025-01-01,valid
Evelyn Morris,+15032718423,evelyn.morris@yahoo.com,Chicago,2019-02-02,valid
Michael Collins,+16022726342,michael.collins@proton.me,Boston,2020-03-03,valid
Ella Ward,+13052734261,ella.ward@example.org,Portland,2021-04-04,valid
James Carter,+12122742180,james_carter@gmail.com,New York,2022-05-05,valid
Olivia Hayes,+13122750099,olivia.hayes@outlook.com,Seattle,2023-06-06,valid
Liam Russell,+15122758018,liam.russell@yahoo.com,Atlanta,2024-07-07,valid
Emma Bennett,+12062765937,emma.bennett@proton.me,Miami,2025-08-08,valid
Noah Brooks,+16172773856,noah.brooks@example.org,Austin,2019-09-09,valid
Ava Price,+13032781775,ava.price@gmail.com,Denver,2020-10-10,valid
William Morgan,+14042789694,william_morgan@outlook.com,Phoenix,2021-11-11,valid
Sophia Murphy,+15032797613,sophia.murphy@yahoo.com,Chicago,2022-12-12,valid
Benjamin Kelly,+16022805532,benjamin.kelly@proton.me,Boston,2023-01-13,valid
Mia Foster,+13052813451,mia.foster@example.org,Portland,2024-02-14,valid
Lucas Turner,+12122821370,lucas.turner@gmail.com,New York,2025-03-15,valid
Charlotte Sullivan,+13122829289,charlotte.sullivan@outlook.com,Seattle,2019-04-16,valid
Henry Reed,+15122837208,henry_reed@yahoo.com,Atlanta,2020-05-17,valid
Amelia Cooper,+12062845127,amelia.cooper@proton.me,Miami,2021-06-18,valid
Alexander Gray,+16172853046,alexander.gray@example.org,Austin,2022-07-19,valid
Harper Parker,+13032860965,harper.parker@gmail.com,Denver,2023-08-20,valid
Daniel Bailey,+14042868884,daniel.bailey@outlook.com,Phoenix,2024-09-21,valid
Evelyn Morris,+15032876803,evelyn.morris@yahoo.com,Chicago,2025-10-22,valid
Michael Collins,+16022884722,michael_collins@proton.me,Boston,2019-11-23,valid
Ella Ward,+13052892641,ella.ward@example.org,Portland,2020-12-24,valid
